mode,build,round,probe,client,latency_ms
shared,before,1,0,1,113.10404798132367
shared,before,1,0,2,137.4898799986113
shared,before,1,0,3,152.50843900139444
shared,before,1,0,0,183.16597997909412
shared,before,1,1,1,118.46577501273714
shared,before,1,1,2,142.3549219907727
shared,before,1,1,3,157.78093799599446
shared,before,1,1,0,190.09340001503006
shared,before,1,2,1,34.07139301998541
shared,before,1,2,2,56.85857101343572
shared,before,1,2,3,72.70992401754484
shared,before,1,2,0,103.7342720082961
shared,before,1,3,1,70.25838899426162
shared,before,1,3,2,94.99308600788936
shared,before,1,3,3,110.12858900357969
shared,before,1,3,0,141.12951201968826
shared,before,1,4,1,101.64596702088602
shared,before,1,4,2,124.77575201774016
shared,before,1,4,3,140.61339700128883
shared,before,1,4,0,171.67982601677068
shared,before,1,5,1,46.36673798086122
shared,before,1,5,2,68.93439198029228
shared,before,1,5,3,84.79820398497395
shared,before,1,5,0,117.2410800063517
shared,before,1,6,2,92.49088598880917
shared,before,1,6,3,106.8785909737926
shared,before,1,6,0,138.39980200282298
shared,before,1,6,1,168.22568199131638
shared,before,1,7,2,72.30050000362098
shared,before,1,7,3,87.62375701917335
shared,before,1,7,0,117.96992502058856
shared,before,1,7,1,147.9402859986294
shared,before,1,8,2,80.94423299189657
shared,before,1,8,3,95.61780100921169
shared,before,1,8,0,127.14223100920208
shared,before,1,8,1,156.49032100918703
shared,before,1,9,2,19.509284989908338
shared,before,1,9,3,34.19328399468213
shared,before,1,9,0,65.83096200483851
shared,before,1,9,1,95.85675498237833
shared,before,1,10,2,57.22990701906383
shared,before,1,10,3,72.062202001689
shared,before,1,10,0,103.63240801962093
shared,before,1,10,1,133.64187002298422
shared,before,1,11,2,8.650945004774258
shared,before,1,11,3,24.08375500817783
shared,before,1,11,0,56.1969589907676
shared,before,1,11,1,85.0293500116095
shared,before,1,12,2,72.357541997917
shared,before,1,12,3,86.78351200069301
shared,before,1,12,0,117.73174500558525
shared,before,1,12,1,148.22519599692896
shared,before,1,13,3,71.23679798678495
shared,before,1,13,0,103.14925399143249
shared,before,1,13,1,132.427247997839
shared,before,1,13,2,157.11157899932005
shared,before,1,14,3,12.102049018722028
shared,before,1,14,0,43.6749370128382
shared,before,1,14,1,74.27877499139868
shared,before,1,14,2,96.45560299395584
shared,before,1,15,3,98.03065299638547
shared,before,1,15,0,129.5511490025092
shared,before,1,15,1,160.00323399202898
shared,before,1,15,2,183.76476800767705
shared,before,1,16,0,114.53247102326714
shared,before,1,16,1,143.03113601636142
shared,before,1,16,2,167.34800502308644
shared,before,1,16,3,181.71794700901955
shared,before,1,17,0,86.97597600985318
shared,before,1,17,1,117.31165301171131
shared,before,1,17,2,140.49841999076307
shared,before,1,17,3,154.66356099932455
shared,before,1,18,0,75.09368899627589
shared,before,1,18,1,104.64973899070174
shared,before,1,18,2,129.3580909841694
shared,before,1,18,3,143.98475000052713
shared,before,1,19,0,64.76225299411453
shared,before,1,19,1,94.81421299278736
shared,before,1,19,2,118.90619399491698
shared,before,1,19,3,133.88004899024963
shared,after,1,0,0,93.8325850002002
shared,after,1,0,1,112.9157569957897
shared,after,1,0,2,124.89054998150095
shared,after,1,0,3,151.63624499109574
shared,after,1,1,0,29.88012001151219
shared,after,1,1,1,48.87257399968803
shared,after,1,1,2,61.524832010036334
shared,after,1,1,3,88.15668200259097
shared,after,1,2,0,47.08682099590078
shared,after,1,2,1,64.99041899223812
shared,after,1,2,2,76.97653697687201
shared,after,1,2,3,104.84351200284436
shared,after,1,3,1,101.18975400109775
shared,after,1,3,2,112.83779499353841
shared,after,1,3,3,139.391145989066
shared,after,1,3,0,182.2508120094426
shared,after,1,4,1,90.94045299571007
shared,after,1,4,2,102.43519101641141
shared,after,1,4,3,130.22730400552973
shared,after,1,4,0,171.99537201668136
shared,after,1,5,1,33.57983400928788
shared,after,1,5,2,45.74935499113053
shared,after,1,5,3,72.28631401085295
shared,after,1,5,0,114.32629899354652
shared,after,1,6,1,60.058618983021006
shared,after,1,6,2,72.00819900026545
shared,after,1,6,3,100.03849200438708
shared,after,1,6,0,141.06531799188815
shared,after,1,7,2,78.00799299729988
shared,after,1,7,3,105.36654200404882
shared,after,1,7,0,148.47410400398076
shared,after,1,7,1,166.61105400999077
shared,after,1,8,2,68.36749400827102
shared,after,1,8,3,95.669299014844
shared,after,1,8,0,136.9315629999619
shared,after,1,8,1,155.98201300599612
shared,after,1,9,3,33.957607025513425
shared,after,1,9,0,76.56025802134536
shared,after,1,9,1,95.07718699751422
shared,after,1,9,2,106.8068860040512
shared,after,1,10,3,61.648452014196664
shared,after,1,10,0,103.77802199218422
shared,after,1,10,1,121.58768301014788
shared,after,1,10,2,133.71971301967278
shared,after,1,11,3,111.28342701704241
shared,after,1,11,0,153.51098700193688
shared,after,1,11,1,173.31287101842463
shared,after,1,11,2,184.7575410210993
shared,after,1,12,3,75.66732299164869
shared,after,1,12,0,118.28868999145925
shared,after,1,12,1,135.73285599704832
shared,after,1,12,2,148.3703329868149
shared,after,1,13,3,59.029010008089244
shared,after,1,13,0,100.75577298994176
shared,after,1,13,1,120.55938498815522
shared,after,1,13,2,132.55998698878102
shared,after,1,14,3,24.189554009353742
shared,after,1,14,0,65.78953700955026
shared,after,1,14,1,84.9686730070971
shared,after,1,14,2,96.7732950230129
shared,after,1,15,0,51.03341699577868
shared,after,1,15,1,71.34015197516419
shared,after,1,15,2,83.0351609911304
shared,after,1,15,3,108.9593859796878
shared,after,1,16,0,110.31377999461256
shared,after,1,16,1,128.35464798263274
shared,after,1,16,2,140.79977999790572
shared,after,1,16,3,168.04847799357958
shared,after,1,17,0,95.868557022186
shared,after,1,17,1,115.27049500728026
shared,after,1,17,2,128.06556501891464
shared,after,1,17,3,154.03723501367494
shared,after,1,18,0,87.34212600393221
shared,after,1,18,1,105.70736098452471
shared,after,1,18,2,118.13014198560268
shared,after,1,18,3,144.66471801279113
shared,after,1,19,0,73.2550069806166
shared,after,1,19,1,92.03938199789263
shared,after,1,19,2,104.76495398324914
shared,after,1,19,3,131.200406991411
private,before,1,0,3,50.55365999578498
private,before,1,0,0,67.707492999034
private,before,1,0,1,103.17214200040326
private,before,1,0,2,125.27440401026979
private,before,1,1,0,30.22797199082561
private,before,1,1,1,65.51571399904788
private,before,1,1,2,89.52716900967062
private,before,1,1,3,113.7514729925897
private,before,1,2,0,20.95433700014837
private,before,1,2,1,56.73500901320949
private,before,1,2,2,79.56736799678765
private,before,1,2,3,104.98912600451149
private,before,1,3,3,40.22073501255363
private,before,1,3,1,92.6616539945826
private,before,1,3,2,114.61252000299282
private,before,1,3,0,156.40097300638445
private,before,1,4,2,30.85399800329469
private,before,1,4,3,55.58076800662093
private,before,1,4,1,107.59092500666156
private,before,1,4,0,172.23307499079965
private,before,1,5,1,51.30288901273161
private,before,1,5,2,74.41669999388978
private,before,1,5,3,98.91649501514621
private,before,1,5,0,115.35048400401138
private,before,1,6,2,99.22781001660042
private,before,1,6,3,123.96322301356122
private,before,1,6,0,140.27508100843988
private,before,1,6,1,175.95883601461537
private,before,1,7,2,71.31863501854241
private,before,1,7,3,94.91726901615039
private,before,1,7,0,111.93055400508456
private,before,1,7,1,148.31996700377204
private,before,1,8,3,102.94832600629888
private,before,1,8,0,120.06931702489965
private,before,1,8,1,155.28100400115363
private,before,1,8,2,178.1725490000099
private,before,1,9,3,19.5123839948792
private,before,1,9,2,95.46765699633397
private,before,1,9,0,136.95588198606856
private,before,1,9,1,172.48371199821122
private,before,1,10,3,81.32939800270833
private,before,1,10,0,97.44187901378609
private,before,1,10,1,133.83397500729188
private,before,1,10,2,156.68904199264944
private,before,1,11,3,9.699509013444185
private,before,1,11,2,84.95973201934248
private,before,1,11,0,125.66040299134329
private,before,1,11,1,161.33122399332933
private,before,1,12,3,96.01917798863724
private,before,1,12,0,112.73122098646127
private,before,1,12,1,148.5450929903891
private,before,1,12,2,172.63212701072916
private,before,1,13,0,73.04674899205565
private,before,1,13,1,107.93728698627092
private,before,1,13,2,131.4413879881613
private,before,1,13,3,156.38565499102697
private,before,1,14,3,97.8005790093448
private,before,1,14,0,114.92574200383388
private,before,1,14,1,149.7884440177586
private,before,1,14,2,172.90225499891676
private,before,1,15,1,59.73973500658758
private,before,1,15,2,83.95932900020853
private,before,1,15,3,108.22261398425326
private,before,1,15,0,125.00147399259731
private,before,1,16,0,67.58905798778869
private,before,1,16,1,103.16165100084618
private,before,1,16,2,126.18420697981492
private,before,1,16,3,150.31898400047794
private,before,1,17,0,71.56152400420979
private,before,1,17,1,106.6422000003513
private,before,1,17,2,130.34514198079705
private,before,1,17,3,154.89291900303215
private,before,1,18,0,60.381377988960594
private,before,1,18,1,96.52998900855891
private,before,1,18,2,119.5806190080475
private,before,1,18,3,143.6722429934889
private,before,1,19,0,50.35106398281641
private,before,1,19,1,84.53975798329338
private,before,1,19,2,108.33890197682194
private,before,1,19,3,133.42258398188278
private,after,1,0,2,27.600602974416688
private,after,1,0,3,49.396914982935414
private,after,1,0,0,85.02476097783074
private,after,1,0,1,104.6197569812648
private,after,1,1,0,70.08005198440515
private,after,1,1,1,89.92377898539416
private,after,1,1,2,112.88166398298927
private,after,1,1,3,133.64002198795788
private,after,1,2,0,38.568018993828446
private,after,1,2,1,59.02859300840646
private,after,1,2,2,82.27705000899732
private,after,1,2,3,102.551597985439
private,after,1,3,2,20.837334013776854
private,after,1,3,3,41.59742099000141
private,after,1,3,0,77.8281670063734
private,after,1,3,1,97.94941201107576
private,after,1,4,1,70.25648199487478
private,after,1,4,2,94.25619500689209
private,after,1,4,3,115.56762299733236
private,after,1,4,0,150.7402700081002
private,after,1,5,1,36.87805199297145
private,after,1,5,2,60.007121006492525
private,after,1,5,3,81.65173899033107
private,after,1,5,0,118.2503649906721
private,after,1,6,1,57.24588001612574
private,after,1,6,3,102.11797500960529
private,after,1,6,0,137.9679079982452
private,after,1,6,2,181.0407200246118
private,after,1,7,1,23.948215006385
private,after,1,7,3,69.57687000976875
private,after,1,7,0,103.96065001259558
private,after,1,7,2,147.76445299503393
private,after,1,8,3,77.63338001677766
private,after,1,8,0,113.67404699558392
private,after,1,8,1,132.78070301748812
private,after,1,8,2,156.51761999470182
private,after,1,9,3,16.282116004731506
private,after,1,9,2,94.75186601048335
private,after,1,9,0,151.27629300695844
private,after,1,9,1,172.02731998986565
private,after,1,10,0,113.38639399036765
private,after,1,10,1,131.8707200116478
private,after,1,10,2,154.96527799405158
private,after,1,10,3,176.88628198811784
private,after,1,11,0,121.21294901589863
private,after,1,11,1,140.9474210231565
private,after,1,11,2,164.62681902339682
private,after,1,11,3,185.5626199976541
private,after,1,12,0,84.08348599914461
private,after,1,12,1,104.2211219901219
private,after,1,12,2,126.29763499717228
private,after,1,12,3,148.37223998620175
private,after,1,13,0,68.13348599825986
private,after,1,13,1,89.14337598253042
private,after,1,13,2,111.4532399806194
private,after,1,13,3,133.7112489854917
private,after,1,14,2,75.2390039851889
private,after,1,14,3,96.30378897418268
private,after,1,14,0,132.3845699953381
private,after,1,14,1,152.92060299543664
private,after,1,15,0,62.537274992791936
private,after,1,15,1,82.91619099327363
private,after,1,15,2,105.01827398547903
private,after,1,15,3,127.00627397862263
private,after,1,16,0,103.21380500681698
private,after,1,16,1,123.0189070047345
private,after,1,16,2,144.97257501352578
private,after,1,16,3,166.25354599091224
private,after,1,17,0,91.36036701966077
private,after,1,17,1,111.92745401058346
private,after,1,17,2,134.15917701786384
private,after,1,17,3,155.75414500199258
private,after,1,18,0,80.05630399566144
private,after,1,18,1,98.22114897542633
private,after,1,18,2,123.40103200403973
private,after,1,18,3,143.3681990019977
private,after,1,19,0,69.58211600431241
private,after,1,19,1,89.77208501892164
private,after,1,19,2,112.07056502462365
private,after,1,19,3,134.45368301472627
tee,before,1,0,0,77.42059000884183
tee,before,1,0,1,99.4794009893667
tee,before,1,0,2,127.9920729866717
tee,before,1,0,3,153.20873199380003
tee,before,1,1,0,12.383739987853914
tee,before,1,1,1,34.17355500278063
tee,before,1,1,2,63.192209985572845
tee,before,1,1,3,87.91850300622173
tee,before,1,2,0,28.793349978514016
tee,before,1,2,1,52.313127991510555
tee,before,1,2,2,78.30905698938295
tee,before,1,2,3,103.86534300050698
tee,before,1,3,1,88.03717498085462
tee,before,1,3,2,115.619717980735
tee,before,1,3,3,140.48244498553686
tee,before,1,3,0,165.74094697716646
tee,before,1,4,1,94.38994701486081
tee,before,1,4,2,121.595967997564
tee,before,1,4,3,145.78343500033952
tee,before,1,4,0,172.70895699039102
tee,before,1,5,1,36.021117004565895
tee,before,1,5,2,63.33990898565389
tee,before,1,5,3,88.34270798251964
tee,before,1,5,0,112.50382999423891
tee,before,1,6,1,62.45472200680524
tee,before,1,6,2,90.48859099857509
tee,before,1,6,3,116.14417799864896
tee,before,1,6,0,141.3034380238969
tee,before,1,7,1,70.19937998848036
tee,before,1,7,2,97.98237300128676
tee,before,1,7,3,122.26610200013965
tee,before,1,7,0,146.65187397622503
tee,before,1,8,2,107.75310901226476
tee,before,1,8,3,131.5160730155185
tee,before,1,8,0,156.04888900998048
tee,before,1,8,1,179.87592800636776
tee,before,1,9,2,23.298405983950943
tee,before,1,9,3,47.36368398880586
tee,before,1,9,0,72.56907800910994
tee,before,1,9,1,94.5779999892693
tee,before,1,10,2,61.777496011927724
tee,before,1,10,3,85.93027299502864
tee,before,1,10,0,111.39369598822668
tee,before,1,10,1,133.92636200296693
tee,before,1,11,2,13.347843021620065
tee,before,1,11,3,36.75908100558445
tee,before,1,11,0,62.31721502263099
tee,before,1,11,1,84.55930900527164
tee,before,1,12,2,75.27536401175894
tee,before,1,12,3,98.83459901902825
tee,before,1,12,0,123.52745400858112
tee,before,1,12,1,146.27529302379116
tee,before,1,13,3,85.65460200770758
tee,before,1,13,0,110.43233401142061
tee,before,1,13,1,132.56165600614622
tee,before,1,13,2,160.64040700439364
tee,before,1,14,3,23.294532002182677
tee,before,1,14,0,48.65883101592772
tee,before,1,14,1,70.02527499571443
tee,before,1,14,2,98.7468009989243
tee,before,1,15,3,106.82065499713644
tee,before,1,15,0,132.30791897512972
tee,before,1,15,1,153.86628897977062
tee,before,1,15,2,182.22762498771772
tee,before,1,16,3,90.42993999901228
tee,before,1,16,0,115.32717800582759
tee,before,1,16,1,139.9448120209854
tee,before,1,16,2,166.67822800809518
tee,before,1,17,3,79.15973299532197
tee,before,1,17,0,103.97656500572339
tee,before,1,17,1,126.18909499724396
tee,before,1,17,2,153.87904600356705
tee,before,1,18,3,69.35853799222969
tee,before,1,18,0,93.90053400420584
tee,before,1,18,1,116.39129801187664
tee,before,1,18,2,143.69650100707076
tee,before,1,19,0,82.5270919885952
tee,before,1,19,1,105.6645060016308
tee,before,1,19,2,133.43635300407186
tee,before,1,19,3,158.0631649994757
tee,after,1,0,1,101.20852899854071
tee,after,1,0,2,124.76609498844482
tee,after,1,0,3,150.74771898798645
tee,after,1,0,0,170.24287799722515
tee,after,1,1,1,19.150287000229582
tee,after,1,1,2,42.317086015827954
tee,after,1,1,3,67.94442099635489
tee,after,1,1,0,89.29214900126681
tee,after,1,2,1,33.98967400426045
tee,after,1,2,2,58.50091399042867
tee,after,1,2,3,82.61631900677457
tee,after,1,2,0,103.37110099499114
tee,after,1,3,2,93.5268139874097
tee,after,1,3,3,118.01021799328737
tee,after,1,3,0,138.87157299905084
tee,after,1,3,1,170.12337199412286
tee,after,1,4,2,93.091104994528
tee,after,1,4,3,119.93049801094458
tee,after,1,4,0,139.9132219958119
tee,after,1,4,1,170.49941699951887
tee,after,1,5,2,36.955417977878824
tee,after,1,5,3,62.77384498389438
tee,after,1,5,0,84.12604298791848
tee,after,1,5,1,115.09370699059218
tee,after,1,6,2,62.286995991598815
tee,after,1,6,3,87.86050698836334
tee,after,1,6,0,107.855688984273
tee,after,1,6,1,140.1660649862606
tee,after,1,7,3,92.92510600062087
tee,after,1,7,0,114.00765299913473
tee,after,1,7,1,145.8956119895447
tee,after,1,7,2,168.31812899908982
tee,after,1,8,3,82.79465700616129
tee,after,1,8,0,102.81034201034345
tee,after,1,8,1,133.37883399799466
tee,after,1,8,2,155.94803800922818
tee,after,1,9,3,19.615739001892507
tee,after,1,9,0,41.81366600096226
tee,after,1,9,1,72.51364600961097
tee,after,1,9,2,95.42295400751755
tee,after,1,10,3,59.21205598860979
tee,after,1,10,0,79.00368800619617
tee,after,1,10,1,110.41206799563952
tee,after,1,10,2,133.60706000821665
tee,after,1,11,0,30.08885501185432
tee,after,1,11,1,61.7383350036107
tee,after,1,11,2,83.87683698674664
tee,after,1,11,3,109.24977899412625
tee,after,1,12,0,67.69861100474373
tee,after,1,12,1,99.6073120040819
tee,after,1,12,2,120.6993359955959
tee,after,1,12,3,146.89661000738852
tee,after,1,13,0,53.33582201274112
tee,after,1,13,1,84.63202702114359
tee,after,1,13,2,106.83162300847471
tee,after,1,13,3,131.66961399838328
tee,after,1,14,0,19.423573015956208
tee,after,1,14,1,49.9805620056577
tee,after,1,14,2,73.5213800217025
tee,after,1,14,3,99.51486499630846
tee,after,1,15,1,33.73152800486423
tee,after,1,15,2,56.564958998933434
tee,after,1,15,3,80.01082600094378
tee,after,1,15,0,102.88997399038635
tee,after,1,16,1,97.97879701363854
tee,after,1,16,2,119.98336701071821
tee,after,1,16,3,145.99920401815325
tee,after,1,16,0,167.22408699570224
tee,after,1,17,1,84.95389099698514
tee,after,1,17,2,107.8674900054466
tee,after,1,17,3,132.75197299662977
tee,after,1,17,0,154.4961309991777
tee,after,1,18,1,74.25296600558795
tee,after,1,18,2,97.22414298448712
tee,after,1,18,3,122.98087897943333
tee,after,1,18,0,143.85349900112487
tee,after,1,19,1,64.44664701120928
tee,after,1,19,2,87.20336700207554
tee,after,1,19,3,110.89140799595043
tee,after,1,19,0,133.460910001304
shared,after,2,0,1,115.04036199767143
shared,after,2,0,2,126.98296800954267
shared,after,2,0,3,151.0688099951949
shared,after,2,0,0,184.98850899050012
shared,after,2,1,1,119.63020998518914
shared,after,2,1,2,131.03965399204753
shared,after,2,1,3,156.00889499182813
shared,after,2,1,0,188.87776500196196
shared,after,2,2,1,34.391886001685634
shared,after,2,2,2,46.46443098317832
shared,after,2,2,3,70.45782599016093
shared,after,2,2,0,103.81628799950704
shared,after,2,3,1,70.72086000698619
shared,after,2,3,2,82.41455801180564
shared,after,2,3,3,107.74321400094777
shared,after,2,3,0,140.44334401842207
shared,after,2,4,1,102.13228000793606
shared,after,2,4,2,113.15757301053964
shared,after,2,4,3,137.24502400145866
shared,after,2,4,0,171.24948001583107
shared,after,2,5,2,57.996779010863975
shared,after,2,5,3,82.2545800183434
shared,after,2,5,0,115.56035201647319
shared,after,2,5,1,147.2350450058002
shared,after,2,6,2,50.668340001720935
shared,after,2,6,3,75.32882899977267
shared,after,2,6,0,109.39128100289963
shared,after,2,6,1,139.6553730010055
shared,after,2,7,3,83.91516198753379
shared,after,2,7,0,117.61325097177178
shared,after,2,7,1,147.1359219867736
shared,after,2,7,2,159.06016997178085
shared,after,2,8,3,80.99245300400071
shared,after,2,8,0,115.61214801622555
shared,after,2,8,1,145.30922201811336
shared,after,2,8,2,156.95434200461023
shared,after,2,9,3,18.603414995595813
shared,after,2,9,0,52.264847996411845
shared,after,2,9,1,81.85630198568106
shared,after,2,9,2,94.33540899772197
shared,after,2,10,3,56.01158901117742
shared,after,2,10,0,90.42046300601214
shared,after,2,10,1,121.33573499158956
shared,after,2,10,2,132.09626398747787
shared,after,2,11,3,10.706468019634485
shared,after,2,11,0,43.82055200403556
shared,after,2,11,1,73.89331300510094
shared,after,2,11,2,85.91632600291632
shared,after,2,12,0,106.53604299295694
shared,after,2,12,1,136.28097900073044
shared,after,2,12,2,147.6464349834714
shared,after,2,12,3,171.59393499605358
shared,after,2,13,0,67.42973599466495
shared,after,2,13,1,97.3876389907673
shared,after,2,13,2,110.23104898049496
shared,after,2,13,3,133.6064049974084
shared,after,2,14,0,32.13203902123496
shared,after,2,14,1,63.12348501523957
shared,after,2,14,2,74.80192399816588
shared,after,2,14,3,98.7672460032627
shared,after,2,15,0,115.52083399146795
shared,after,2,15,1,146.85679398826323
shared,after,2,15,2,158.01780601032078
shared,after,2,15,3,183.04414799786173
shared,after,2,16,0,100.32322301412933
shared,after,2,16,1,132.35155001166277
shared,after,2,16,2,143.27652801875956
shared,after,2,16,3,166.69664601795375
shared,after,2,17,0,88.53862798423506
shared,after,2,17,1,119.58747400785796
shared,after,2,17,2,130.23797300411388
shared,after,2,17,3,154.38657798222266
shared,after,2,18,1,107.61881998041645
shared,after,2,18,2,119.15134699665941
shared,after,2,18,3,142.9251589870546
shared,after,2,18,0,176.57747198245488
shared,after,2,19,1,63.48504702327773
shared,after,2,19,2,75.3509420028422
shared,after,2,19,3,100.33371302415617
shared,after,2,19,0,133.08260001940653
shared,before,2,0,3,50.01996201463044
shared,before,2,0,0,68.50458501139656
shared,before,2,0,1,98.31222501816228
shared,before,2,0,2,123.62311899778433
shared,before,2,1,0,34.873193013481796
shared,before,2,1,1,64.80671800090931
shared,before,2,1,2,89.48079700348899
shared,before,2,1,3,116.23704200610518
shared,before,2,2,0,22.406603005947545
shared,before,2,2,1,52.81928900512867
shared,before,2,2,2,77.9534559987951
shared,before,2,2,3,103.79524799645878
shared,before,2,3,0,58.69284100481309
shared,before,2,3,1,89.63243101607077
shared,before,2,3,2,113.99626900674775
shared,before,2,3,3,140.38171400898136
shared,before,2,4,1,121.23381099081598
shared,before,2,4,2,146.24280799762346
shared,before,2,4,3,172.1648869861383
shared,before,2,4,0,190.91814800049178
shared,before,2,5,1,46.922788984375075
shared,before,2,5,2,72.22802098840475
shared,before,2,5,3,96.99150698725134
shared,before,2,5,0,115.87834099191241
shared,before,2,6,1,70.20224098232575
shared,before,2,6,2,95.55843399721198
shared,before,2,6,3,122.43925299844705
shared,before,2,6,0,140.36114999908023
shared,before,2,7,1,77.87257301970385
shared,before,2,7,2,103.84817700833082
shared,before,2,7,3,129.1574620117899
shared,before,2,7,0,148.8890720065683
shared,before,2,8,1,85.96800299710594
shared,before,2,8,2,111.23043799307197
shared,before,2,8,3,137.4225259933155
shared,before,2,8,0,155.69793799659237
shared,before,2,9,1,25.81675798865035
shared,before,2,9,2,50.414722005371004
shared,before,2,9,3,77.67975199385546
shared,before,2,9,0,95.39756199228577
shared,before,2,10,1,64.12007298786193
shared,before,2,10,2,89.75742198526859
shared,before,2,10,3,114.87448198022321
shared,before,2,10,0,134.04026598436758
shared,before,2,11,2,40.03172798547894
shared,before,2,11,3,65.91911797295325
shared,before,2,11,0,85.70639797835611
shared,before,2,11,1,114.52877600095235
shared,before,2,12,2,74.15742101147771
shared,before,2,12,3,100.18917202251032
shared,before,2,12,0,118.58635602402501
shared,before,2,12,1,148.73904699925333
shared,before,2,13,2,58.69802599772811
shared,before,2,13,3,84.20543701504357
shared,before,2,13,0,103.04124999674968
shared,before,2,13,1,133.00714001525193
shared,before,2,14,2,22.741102991858497
shared,before,2,14,3,49.65583700686693
shared,before,2,14,0,68.29406099859625
shared,before,2,14,1,97.26747599779628
shared,before,2,15,2,109.2990729957819
shared,before,2,15,3,135.50147201749496
shared,before,2,15,0,153.77861200249754
shared,before,2,15,1,183.32965500303544
shared,before,2,16,2,92.71446298225783
shared,before,2,16,3,118.85296698892489
shared,before,2,16,0,137.63394398847595
shared,before,2,16,1,168.07935299584642
shared,before,2,17,3,106.42863699467853
shared,before,2,17,0,124.37044098624028
shared,before,2,17,1,154.64061297825538
shared,before,2,17,2,180.11887700413354
shared,before,2,18,3,70.35786801134236
shared,before,2,18,0,88.37090100860223
shared,before,2,18,1,118.15398401813582
shared,before,2,18,2,144.38201300799847
shared,before,2,19,3,58.71018601465039
shared,before,2,19,0,77.53544900333509
shared,before,2,19,1,107.62197899748571
shared,before,2,19,2,132.55492100142874
private,after,2,0,3,47.05421699327417
private,after,2,0,0,73.79836300970055
private,after,2,0,1,98.5592860088218
private,after,2,0,2,122.27158600580879
private,after,2,1,1,66.1630789982155
private,after,2,1,2,89.41827199305408
private,after,2,1,3,114.28099899785593
private,after,2,1,0,142.0414019958116
private,after,2,2,1,27.92574599152431
private,after,2,2,2,52.798486984102055
private,after,2,2,3,76.4632829814218
private,after,2,2,0,103.20301697356626
private,after,2,3,1,65.80282901995815
private,after,2,3,2,90.77248701942153
private,after,2,3,3,115.5856830009725
private,after,2,3,0,141.83964100084268
private,after,2,4,3,44.19528500875458
private,after,2,4,1,95.04905401263386
private,after,2,4,2,119.32551101199351
private,after,2,4,0,171.06303700711578
private,after,2,5,2,65.63647300936282
private,after,2,5,3,89.50654699583538
private,after,2,5,0,117.04754500533454
private,after,2,5,1,141.5513340034522
private,after,2,6,2,64.35414002044126
private,after,2,6,3,88.25163199799135
private,after,2,6,0,114.84259300050326
private,after,2,6,1,139.81243001762778
private,after,2,7,2,72.38639000570402
private,after,2,7,3,96.87092702370137
private,after,2,7,0,123.37093200767413
private,after,2,7,1,148.19002902368084
private,after,2,8,2,80.78985699103214
private,after,2,8,3,104.09863499808125
private,after,2,8,0,131.98772401665337
private,after,2,8,1,157.87010599160567
private,after,2,9,2,17.130051011918113
private,after,2,9,3,42.02913699555211
private,after,2,9,0,69.83567398856394
private,after,2,9,1,93.57413998804986
private,after,2,10,3,81.27676701406017
private,after,2,10,0,108.43921700143255
private,after,2,10,1,133.6636250198353
private,after,2,10,2,158.78277100273408
private,after,2,11,3,108.49482798948884
private,after,2,11,0,135.7735070050694
private,after,2,11,1,160.3462579951156
private,after,2,11,2,183.67655301699415
private,after,2,12,0,100.18327098805457
private,after,2,12,1,124.2701860028319
private,after,2,12,2,148.93019798910245
private,after,2,12,3,173.12183798640035
private,after,2,13,0,60.978674999205396
private,after,2,13,1,84.00492701912299
private,after,2,13,2,109.5497689966578
private,after,2,13,3,133.67447300697677
private,after,2,14,3,97.65675402013585
private,after,2,14,0,124.51826001051813
private,after,2,14,1,149.2580240010284
private,after,2,14,2,172.736018022988
private,after,2,15,0,32.494137005414814
private,after,2,15,1,57.38231501891278
private,after,2,15,2,81.0000830097124
private,after,2,15,3,105.39008601335809
private,after,2,16,0,95.67376898485236
private,after,2,16,1,118.93712799064815
private,after,2,16,2,143.26085199718364
private,after,2,16,3,168.65525199682452
private,after,2,17,0,81.3538350048475
private,after,2,17,1,105.44182301964611
private,after,2,17,2,131.19712902698666
private,after,2,17,3,155.16811201814562
private,after,2,18,0,69.84705798095092
private,after,2,18,1,94.39888800261542
private,after,2,18,2,119.05049599590711
private,after,2,18,3,142.81930099241436
private,after,2,19,0,61.613344005309045
private,after,2,19,1,85.21036902675405
private,after,2,19,2,109.97314000269398
private,after,2,19,3,133.99305901839398
private,before,2,0,2,26.271540991729125
private,before,2,0,3,49.53358799684793
private,before,2,0,0,84.24769600969739
private,before,2,0,1,102.99285099608824
private,before,2,1,0,69.37355900299735
private,before,2,1,1,89.04365700436756
private,before,2,1,2,113.19780600024387
private,before,2,1,3,134.7571299993433
private,before,2,2,1,58.461395994527265
private,before,2,2,2,81.23766697826795
private,before,2,2,3,104.84404899762012
private,before,2,2,0,139.1600589849986
private,before,2,3,1,60.617829993134364
private,before,2,3,2,83.76102498732507
private,before,2,3,3,106.12542799208313
private,before,2,3,0,141.38479897519574
private,before,2,4,2,12.72646599682048
private,before,2,4,3,36.711099004605785
private,before,2,4,1,89.78078700602055
private,before,2,4,0,170.29407899826765
private,before,2,5,1,36.01330899982713
private,before,2,5,3,83.01769700483419
private,before,2,5,0,117.42710700491443
private,before,2,5,2,159.72803998738527
private,before,2,6,3,62.699697009520605
private,before,2,6,0,97.78597601689398
private,before,2,6,1,116.40363701735623
private,before,2,6,2,139.4632070150692
private,before,2,7,1,26.502509019337595
private,before,2,7,3,71.54584702220745
private,before,2,7,0,105.88569901301526
private,before,2,7,2,147.77244001743384
private,before,2,8,1,33.90515601495281
private,before,2,8,3,79.40894001512788
private,before,2,8,0,113.45720500685275
private,before,2,8,2,156.2858179968316
private,before,2,9,3,18.357427994487807
private,before,2,9,1,72.96813098946586
private,before,2,9,2,95.5567070050165
private,before,2,9,0,152.58723599254154
private,before,2,10,1,53.87744802283123
private,before,2,10,3,101.13026801263914
private,before,2,10,0,133.85763802216388
private,before,2,10,2,176.16405402077362
private,before,2,11,1,63.16705700010061
private,before,2,11,2,86.68147001299076
private,before,2,11,3,108.61665999982506
private,before,2,11,0,142.89929100777954
private,before,2,12,2,91.92255698144436
private,before,2,12,3,114.55631299759261
private,before,2,12,0,149.00726699852385
private,before,2,12,1,168.24237097171135
private,before,2,13,0,112.68258499330841
private,before,2,13,1,133.1649740168359
private,before,2,13,2,156.56274001230486
private,before,2,13,3,178.9677340129856
private,before,2,14,2,74.96351300505921
private,before,2,14,3,97.8350309887901
private,before,2,14,0,133.13016400206834
private,before,2,14,1,151.78656799253076
private,before,2,15,0,63.02036999841221
private,before,2,15,2,106.3767209998332
private,before,2,15,3,128.97465398418717
private,before,2,15,1,182.6636929763481
private,before,2,16,0,49.17286097770557
private,before,2,16,2,92.418407992227
private,before,2,16,3,113.82401100127026
private,before,2,16,1,167.59762898436747
private,before,2,17,0,37.25749399745837
private,before,2,17,2,79.84923801268451
private,before,2,17,3,101.90995500306599
private,before,2,17,1,155.33554198918864
private,before,2,18,2,68.28100699931383
private,before,2,18,3,91.05334398918785
private,before,2,18,0,126.38429898652248
private,before,2,18,1,143.62241298658773
private,before,2,19,2,58.51355000049807
private,before,2,19,3,79.73431999562308
private,before,2,19,0,114.39532099757344
private,before,2,19,1,133.44612799119204
tee,after,2,0,1,104.84559898031875
tee,after,2,0,2,127.75591999525204
tee,after,2,0,3,151.0040199791547
tee,after,2,0,0,175.49743797280826
tee,after,2,1,1,118.24666897882707
tee,after,2,1,2,141.68115198845044
tee,after,2,1,3,164.11040499224328
tee,after,2,1,0,187.6531299785711
tee,after,2,2,1,34.991329011972994
tee,after,2,2,2,58.41359400073998
tee,after,2,2,3,82.14121201308444
tee,after,2,2,0,105.15518501051702
tee,after,2,3,1,71.45566598046571
tee,after,2,3,2,94.62765100761317
tee,after,2,3,3,117.40320498938672
tee,after,2,3,0,140.91320798615925
tee,after,2,4,1,101.87222500098869
tee,after,2,4,2,125.38079699152149
tee,after,2,4,3,147.6621709880419
tee,after,2,4,0,172.9290770017542
tee,after,2,5,2,69.4353689905256
tee,after,2,5,3,91.07629099162295
tee,after,2,5,0,115.48054098966531
tee,after,2,5,1,145.48749901587144
tee,after,2,6,2,62.94419500045478
tee,after,2,6,3,85.67045698873699
tee,after,2,6,0,109.43592400872149
tee,after,2,6,1,138.76237699878402
tee,after,2,7,2,70.2531439892482
tee,after,2,7,3,93.25758001068607
tee,after,2,7,0,117.03973700059578
tee,after,2,7,1,146.99770000879653
tee,after,2,8,2,79.90669598802924
tee,after,2,8,3,102.74787599337287
tee,after,2,8,0,127.19581500277855
tee,after,2,8,1,156.87518697814085
tee,after,2,9,3,41.15956599707715
tee,after,2,9,0,64.88635001005605
tee,after,2,9,1,94.98104598606005
tee,after,2,9,2,119.87470800522715
tee,after,2,10,3,54.153715987922624
tee,after,2,10,0,78.37724400451407
tee,after,2,10,1,109.2761839972809
tee,after,2,10,2,132.1992599987425
tee,after,2,11,3,107.49454400502145
tee,after,2,11,0,131.67336900369264
tee,after,2,11,1,161.7299180070404
tee,after,2,11,2,184.48800899204798
tee,after,2,12,3,70.91308501549065
tee,after,2,12,0,95.99861400783993
tee,after,2,12,1,125.07925799582154
tee,after,2,12,2,148.5973670205567
tee,after,2,13,3,54.75959600880742
tee,after,2,13,0,78.53591098682955
tee,after,2,13,1,109.30795298190787
tee,after,2,13,2,132.378014997812
tee,after,2,14,0,44.29100998095237
tee,after,2,14,1,73.57776598655619
tee,after,2,14,2,97.24202498910017
tee,after,2,14,3,120.3217419970315
tee,after,2,15,0,106.75485199317336
tee,after,2,15,1,135.49115997739136
tee,after,2,15,2,159.9172249843832
tee,after,2,15,3,182.79804100166075
tee,after,2,16,0,91.31351800169796
tee,after,2,16,1,121.47574601112865
tee,after,2,16,2,144.5266740047373
tee,after,2,16,3,167.94548102188855
tee,after,2,17,0,77.61359098367393
tee,after,2,17,1,107.96929500065744
tee,after,2,17,2,131.73500099219382
tee,after,2,17,3,153.6722169839777
tee,after,2,18,1,98.97407298558392
tee,after,2,18,2,121.22272400301881
tee,after,2,18,3,144.82648400007747
tee,after,2,18,0,168.8827619946096
tee,after,2,19,1,61.87846601824276
tee,after,2,19,2,85.89892199961469
tee,after,2,19,3,108.66285400697961
tee,after,2,19,0,131.76164400647394
tee,before,2,0,3,49.7789159999229
tee,before,2,0,0,69.9138090130873
tee,before,2,0,1,99.6238740044646
tee,before,2,0,2,127.15145901893266
tee,before,2,1,0,31.25787599128671
tee,before,2,1,1,61.43178400816396
tee,before,2,1,2,88.005516998237
tee,before,2,1,3,112.25085900514387
tee,before,2,2,0,23.04794601514004
tee,before,2,2,1,52.865359000861645
tee,before,2,2,2,80.07429799181409
tee,before,2,2,3,103.87719501159154
tee,before,2,3,0,61.35513199842535
tee,before,2,3,1,90.2628600015305
tee,before,2,3,2,116.48009897908196
tee,before,2,3,3,140.68741298979148
tee,before,2,4,0,91.38443900155835
tee,before,2,4,1,120.69425999652594
tee,before,2,4,2,147.81486499123275
tee,before,2,4,3,171.6250339813996
tee,before,2,5,1,63.89237899566069
tee,before,2,5,2,90.68009300972335
tee,before,2,5,3,114.67408199678175
tee,before,2,5,0,133.6996149912011
tee,before,2,6,1,70.27280700276606
tee,before,2,6,2,97.08036901429296
tee,before,2,6,3,121.7474730219692
tee,before,2,6,0,140.84512702538632
tee,before,2,7,1,76.302105007926
tee,before,2,7,2,102.66656699241139
tee,before,2,7,3,126.35728801251389
tee,before,2,7,0,147.15724799316376
tee,before,2,8,1,85.00067298882641
tee,before,2,8,2,112.3558219987899
tee,before,2,8,3,136.80787201155908
tee,before,2,8,0,156.48380998754874
tee,before,2,9,1,21.611417003441602
tee,before,2,9,2,48.694470984628424
tee,before,2,9,3,72.75843599927612
tee,before,2,9,0,92.29197798413225
tee,before,2,10,1,62.94877899927087
tee,before,2,10,2,89.30501600843854
tee,before,2,10,3,113.57658301130868
tee,before,2,10,0,133.12598000629805
tee,before,2,11,2,42.99943501246162
tee,before,2,11,3,67.84773600520566
tee,before,2,11,0,86.49788002367131
tee,before,2,11,1,115.91576301725581
tee,before,2,12,2,76.29972000722773
tee,before,2,12,3,99.2569480149541
tee,before,2,12,0,119.55026900977828
tee,before,2,12,1,148.92833700287156
tee,before,2,13,2,57.795906002866104
tee,before,2,13,3,82.02098199399188
tee,before,2,13,0,101.81797598488629
tee,before,2,13,1,130.3748720092699
tee,before,2,14,2,24.66430200729519
tee,before,2,14,3,48.758844000985846
tee,before,2,14,0,68.78835600218736
tee,before,2,14,1,98.45419399789535
tee,before,2,15,2,109.1623890097253
tee,before,2,15,3,133.17116000689566
tee,before,2,15,0,153.16365798935294
tee,before,2,15,1,182.17903201002628
tee,before,2,16,2,95.56110898847692
tee,before,2,16,3,118.82273698574863
tee,before,2,16,0,138.81511500221677
tee,before,2,16,1,169.04958098893985
tee,before,2,17,3,104.51448601088487
tee,before,2,17,0,125.48604799667373
tee,before,2,17,1,154.0149300126359
tee,before,2,17,2,181.7116730089765
tee,before,2,18,3,66.7643640190363
tee,before,2,18,0,87.00380299706012
tee,before,2,18,1,117.42894400958903
tee,before,2,18,2,142.8734090004582
tee,before,2,19,3,57.74744800874032
tee,before,2,19,0,77.94027600903064
tee,before,2,19,1,106.56386899063364
tee,before,2,19,2,133.8639440073166
shared,before,3,0,0,70.44357300037518
shared,before,3,0,1,98.24808099074289
shared,before,3,0,2,122.7450129808858
shared,before,3,0,3,147.83107698895037
shared,before,3,1,0,11.328856984619051
shared,before,3,1,1,39.17973698116839
shared,before,3,1,2,64.02356797480024
shared,before,3,1,3,89.15904400055297
shared,before,3,2,1,53.383619990199804
shared,before,3,2,2,78.74565199017525
shared,before,3,2,3,103.36459500831552
shared,before,3,2,0,126.19236099999398
shared,before,3,3,1,67.03812800697051
shared,before,3,3,2,92.34973500133492
shared,before,3,3,3,118.60649200389162
shared,before,3,3,0,140.54418401792645
shared,before,3,4,1,98.30053400946781
shared,before,3,4,2,124.09827599185519
shared,before,3,4,3,147.63760101050138
shared,before,3,4,0,171.05861200252548
shared,before,3,5,1,43.97194299963303
shared,before,3,5,2,68.0000259890221
shared,before,3,5,3,93.1056989938952
shared,before,3,5,0,116.53469697921537
shared,before,3,6,2,91.12951101269573
shared,before,3,6,3,117.42799001513049
shared,before,3,6,0,139.92626301478595
shared,before,3,6,1,167.4776300205849
shared,before,3,7,2,72.31408401275985
shared,before,3,7,3,97.2690769995097
shared,before,3,7,0,119.12034201668575
shared,before,3,7,1,147.37277801032178
shared,before,3,8,2,81.02129501639865
shared,before,3,8,3,106.85968701727688
shared,before,3,8,0,130.20345001132227
shared,before,3,8,1,156.01728501496837
shared,before,3,9,2,20.03576999413781
shared,before,3,9,3,45.095607987605035
shared,before,3,9,0,67.46716098859906
shared,before,3,9,1,95.91855699545704
shared,before,3,10,2,57.22572898957878
shared,before,3,10,3,82.08904997445643
shared,before,3,10,0,104.27058397908695
shared,before,3,10,1,132.34182298765518
shared,before,3,11,3,34.53559000627138
shared,before,3,11,0,56.54689299990423
shared,before,3,11,1,84.90411398815922
shared,before,3,11,2,108.89959300402552
shared,before,3,12,3,73.38195899501443
shared,before,3,12,0,95.73765698587522
shared,before,3,12,1,123.48613698850386
shared,before,3,12,2,147.58491000975482
shared,before,3,13,3,58.329605002654716
shared,before,3,13,0,81.32897299947217
shared,before,3,13,1,108.21527300868183
shared,before,3,13,2,132.56349202129059
shared,before,3,14,3,24.214465986005962
shared,before,3,14,0,46.53386501013301
shared,before,3,14,1,73.49848598823883
shared,before,3,14,2,99.70535300089978
shared,before,3,15,3,107.15490800794214
shared,before,3,15,0,129.1214489901904
shared,before,3,15,1,156.89722701790743
shared,before,3,15,2,182.08688299637288
shared,before,3,16,3,92.08014400792308
shared,before,3,16,0,114.56554202595726
shared,before,3,16,1,142.1587520162575
shared,before,3,16,2,167.05086201545782
shared,before,3,17,0,102.18192197498865
shared,before,3,17,1,129.7969470033422
shared,before,3,17,2,155.1561189990025
shared,before,3,17,3,178.71076299343258
shared,before,3,18,0,66.5353030199185
shared,before,3,18,1,93.66681601386517
shared,before,3,18,2,119.1552100062836
shared,before,3,18,3,144.03343302547
shared,before,3,19,0,54.46520500117913
shared,before,3,19,1,82.21773701370694
shared,before,3,19,2,108.41745199286379
shared,before,3,19,3,132.6797209912911
shared,after,3,0,0,90.52887500729412
shared,after,3,0,1,112.33865600661375
shared,after,3,0,2,129.5314680028241
shared,after,3,0,3,150.21996799623594
shared,after,3,1,1,50.49309800961055
shared,after,3,1,2,68.30675099627115
shared,after,3,1,3,88.85148502304219
shared,after,3,1,0,129.20722001581453
shared,after,3,2,1,24.5943859918043
shared,after,3,2,2,42.31934799463488
shared,after,3,2,3,62.572435999754816
shared,after,3,2,0,103.85895599029027
shared,after,3,3,1,61.05383098474704
shared,after,3,3,2,79.64800597983412
shared,after,3,3,3,100.24632400018163
shared,after,3,3,0,140.5595020041801
shared,after,3,4,2,109.48163102148101
shared,after,3,4,3,130.6309930223506
shared,after,3,4,0,170.45177801628597
shared,after,3,4,1,192.257803020766
shared,after,3,5,2,32.28736500022933
shared,after,3,5,3,54.08909899415448
shared,after,3,5,0,93.65608700318262
shared,after,3,5,1,115.5378700059373
shared,after,3,6,2,57.27913498412818
shared,after,3,6,3,78.41234398074448
shared,after,3,6,0,119.17678799363784
shared,after,3,6,1,139.98831098433584
shared,after,3,7,2,63.77209702623077
shared,after,3,7,3,85.45956801390275
shared,after,3,7,0,124.98322402825579
shared,after,3,7,1,146.73751301597804
shared,after,3,8,3,94.2670939839445
shared,after,3,8,0,134.12828999571502
shared,after,3,8,1,156.25141098280437
shared,after,3,8,2,174.26032898947597
shared,after,3,9,3,15.612815011991188
shared,after,3,9,0,55.043965025106445
shared,after,3,9,1,76.65448702755384
shared,after,3,9,2,93.734468013281
shared,after,3,10,3,52.330646984046325
shared,after,3,10,0,93.37397999479435
shared,after,3,10,1,113.85290999896824
shared,after,3,10,2,131.07325899181888
shared,after,3,11,3,7.039714022539556
shared,after,3,11,0,47.59435000596568
shared,after,3,11,1,69.75567800691351
shared,after,3,11,2,86.45162600441836
shared,after,3,12,0,107.76412699487992
shared,after,3,12,1,129.6857249981258
shared,after,3,12,2,147.0965710177552
shared,after,3,12,3,167.47715399833396
shared,after,3,13,0,72.18945099157281
shared,after,3,13,1,93.83043099660426
shared,after,3,13,2,110.79489899566397
shared,after,3,13,3,131.95278399507515
shared,after,3,14,0,36.929367983248085
shared,after,3,14,1,58.61069998354651
shared,after,3,14,2,76.4242339937482
shared,after,3,14,3,96.69919798034243
shared,after,3,15,0,22.248350986046717
shared,after,3,15,1,44.792339991545305
shared,after,3,15,2,61.68307599727996
shared,after,3,15,3,82.92411000002176
shared,after,3,16,0,106.9198870100081
shared,after,3,16,1,128.85275098960847
shared,after,3,16,2,147.02307799598202
shared,after,3,16,3,167.7383400092367
shared,after,3,17,0,94.98526898096316
shared,after,3,17,1,115.53858598927036
shared,after,3,17,2,134.05271197552793
shared,after,3,17,3,154.80534598464146
shared,after,3,18,0,83.12062598997727
shared,after,3,18,1,105.22527000284754
shared,after,3,18,2,123.10472701210529
shared,after,3,18,3,142.72737799910828
shared,after,3,19,1,96.18987698922865
shared,after,3,19,2,113.95799298770726
shared,after,3,19,3,134.47393698152155
shared,after,3,19,0,175.94493299839087
private,before,3,0,3,49.27013101405464
private,before,3,0,1,103.78903901437297
private,before,3,0,2,126.51452401769347
private,before,3,0,0,174.8084519931581
private,before,3,1,2,40.804200019920245
private,before,3,1,3,64.44062199443579
private,before,3,1,1,117.81798300216906
private,before,3,1,0,189.4703970174305
private,before,3,2,1,32.08691498730332
private,before,3,2,2,54.02925598900765
private,before,3,2,3,77.95821700710803
private,before,3,2,0,102.59200099972077
private,before,3,3,1,70.05936198402196
private,before,3,3,2,92.05123499850743
private,before,3,3,3,116.05112499091774
private,before,3,3,0,140.10781797696836
private,before,3,4,2,23.38602300733328
private,before,3,4,3,47.25692901411094
private,before,3,4,1,101.63624299457297
private,before,3,4,0,171.77470101159997
private,before,3,5,2,68.22664200444706
private,before,3,5,3,91.66744200047106
private,before,3,5,0,116.26468799659051
private,before,3,5,1,146.31056500365958
private,before,3,6,2,61.12797898822464
private,before,3,6,3,84.83091898960993
private,before,3,6,0,110.22638998110779
private,before,3,6,1,138.24267199379392
private,before,3,7,2,71.09439600026235
private,before,3,7,3,94.29004200501367
private,before,3,7,0,119.23090799245983
private,before,3,7,1,149.36541800852865
private,before,3,8,2,78.43529200181365
private,before,3,8,3,101.99911502422765
private,before,3,8,0,127.40167800802737
private,before,3,8,1,155.79662899835967
private,before,3,9,2,17.1708180278074
private,before,3,9,3,40.0727930245921
private,before,3,9,0,64.78817501920275
private,before,3,9,1,94.39530401141383
private,before,3,10,3,79.2967570014298
private,before,3,10,0,104.36887299874797
private,before,3,10,1,132.89483400876634
private,before,3,10,2,156.3016590080224
private,before,3,11,3,107.3650140024256
private,before,3,11,0,131.95838601677679
private,before,3,11,1,161.4364109991584
private,before,3,11,2,183.36915501276962
private,before,3,12,0,96.91794699756429
private,before,3,12,1,126.63832399994135
private,before,3,12,2,148.0631179874763
private,before,3,12,3,171.7034729954321
private,before,3,13,0,58.43885999638587
private,before,3,13,1,87.16181400814094
private,before,3,13,2,109.72118200152181
private,before,3,13,3,132.06781999906525
private,before,3,14,3,99.69045198522508
private,before,3,14,0,124.28757900488563
private,before,3,14,1,153.91401899978518
private,before,3,14,2,176.57566801062785
private,before,3,15,0,28.158797998912632
private,before,3,15,1,58.35166000179015
private,before,3,15,2,80.09128499543294
private,before,3,15,3,103.79202000331134
private,before,3,16,0,92.95245600515045
private,before,3,16,1,122.80622700927779
private,before,3,16,2,144.724429002963
private,before,3,16,3,167.76814201148227
private,before,3,17,0,79.68186101061292
private,before,3,17,1,108.99030999280512
private,before,3,17,2,132.59502200526185
private,before,3,17,3,155.74185200966895
private,before,3,18,0,68.84885398903862
private,before,3,18,1,97.61752499616705
private,before,3,18,2,119.44488898734562
private,before,3,18,3,143.12988799065351
private,before,3,19,1,86.96273498935625
private,before,3,19,2,110.35060597350821
private,before,3,19,3,132.98280999879353
private,before,3,19,0,158.58635999029502
private,after,3,0,3,49.91582699585706
private,after,3,0,0,89.97032098704949
private,after,3,0,1,116.89852300332859
private,after,3,0,2,129.4466499821283
private,after,3,1,1,75.27857497916557
private,after,3,1,2,88.42763598659076
private,after,3,1,3,108.57194598065689
private,after,3,1,0,150.82781499950215
private,after,3,2,1,28.49085399066098
private,after,3,2,2,41.60778800724074
private,after,3,2,3,61.64922099560499
private,after,3,2,0,103.51837499183603
private,after,3,3,1,66.34373401175253
private,after,3,3,2,78.42569501372054
private,after,3,3,3,100.1463069987949
private,after,3,3,0,140.39701901492663
private,after,3,4,3,30.271956988144666
private,after,3,4,1,97.05902999849059
private,after,3,4,2,109.6815439814236
private,after,3,4,0,171.5455209778156
private,after,3,5,1,42.810547980479896
private,after,3,5,2,54.65045498567633
private,after,3,5,3,76.24613598454744
private,after,3,5,0,117.3871609789785
private,after,3,6,2,77.6565580163151
private,after,3,6,0,140.33366000512615
private,after,3,6,1,164.47701799916103
private,after,3,6,3,197.91993699618615
private,after,3,7,2,27.7987850131467
private,after,3,7,0,89.28761002607644
private,after,3,7,1,115.08928600233048
private,after,3,7,3,148.94454900058918
private,after,3,8,0,96.9316549890209
private,after,3,8,1,121.82597100036219
private,after,3,8,2,135.6329469999764
private,after,3,8,3,154.85529400757514
private,after,3,9,3,96.56753099989146
private,after,3,9,0,138.04764600354247
private,after,3,9,1,163.5136289987713
private,after,3,9,2,175.38667601183988
private,after,3,10,0,94.61029697558843
private,after,3,10,1,120.61468799947761
private,after,3,10,2,133.2600899913814
private,after,3,10,3,153.83063297485933
private,after,3,11,3,86.26232299138792
private,after,3,11,0,126.21662099263631
private,after,3,11,1,152.02270800364204
private,after,3,11,2,165.80804699333385
private,after,3,12,0,108.36875400855206
private,after,3,12,1,134.6581740071997
private,after,3,12,2,147.66692600096576
private,after,3,12,3,167.8801390225999
private,after,3,13,0,73.09955201344565
private,after,3,13,1,97.68314901157282
private,after,3,13,2,110.15110902371816
private,after,3,13,3,131.60707702627406
private,after,3,14,0,38.85268699377775
private,after,3,14,1,64.39705000957474
private,after,3,14,2,76.84343299479224
private,after,3,14,3,97.62944601243362
private,after,3,15,3,82.24765802151524
private,after,3,15,0,124.7910590027459
private,after,3,15,1,150.2962619997561
private,after,3,15,2,161.44481502124108
private,after,3,16,0,29.550920997280627
private,after,3,16,1,55.677561002084985
private,after,3,16,2,68.31986401812173
private,after,3,16,3,87.96421100851148
private,after,3,17,3,56.04979197960347
private,after,3,17,0,97.21233398886397
private,after,3,17,1,122.16106898267753
private,after,3,17,2,135.3109639894683
private,after,3,18,3,63.64799998118542
private,after,3,18,0,104.42478198092431
private,after,3,18,1,130.69775098119862
private,after,3,18,2,142.79449300374836
private,after,3,19,3,55.54100702283904
private,after,3,19,0,95.48374201403931
private,after,3,19,1,121.44009201438166
private,after,3,19,2,133.56985501013696
tee,before,3,0,3,50.47521600499749
tee,before,3,0,0,68.2512590137776
tee,before,3,0,1,101.14283600705676
tee,before,3,0,2,126.00138899870217
tee,before,3,1,0,31.693108001491055
tee,before,3,1,1,65.0278450048063
tee,before,3,1,2,90.21529598976485
tee,before,3,1,3,112.59817398968153
tee,before,3,2,0,21.993005007971078
tee,before,3,2,1,55.21377702825703
tee,before,3,2,2,80.51000701379962
tee,before,3,2,3,103.752680006437
tee,before,3,3,0,59.01106400415301
tee,before,3,3,1,92.3942000081297
tee,before,3,3,2,116.71816001762636
tee,before,3,3,3,141.0433120036032
tee,before,3,4,0,88.25388900004327
tee,before,3,4,1,122.0926420064643
tee,before,3,4,2,148.3638230129145
tee,before,3,4,3,170.1177539944183
tee,before,3,5,1,67.36964799347334
tee,before,3,5,2,92.4499899847433
tee,before,3,5,3,116.64162800298072
tee,before,3,5,0,134.57460899371654
tee,before,3,6,1,74.0550729969982
tee,before,3,6,2,98.31245400710031
tee,before,3,6,3,122.00377101544291
tee,before,3,6,0,142.02934899367392
tee,before,3,7,1,79.3221479980275
tee,before,3,7,2,104.68555099214427
tee,before,3,7,3,128.7510659894906
tee,before,3,7,0,146.3537189993076
tee,before,3,8,1,90.08249701582827
tee,before,3,8,2,114.81129101593979
tee,before,3,8,3,138.84497701656073
tee,before,3,8,0,156.01776202674955
tee,before,3,9,1,28.66036898922175
tee,before,3,9,2,54.62583797634579
tee,before,3,9,3,77.31174599030055
tee,before,3,9,0,95.41656699730083
tee,before,3,10,2,92.14052301831543
tee,before,3,10,3,115.60736899264157
tee,before,3,10,0,133.82800301769748
tee,before,3,10,1,166.51406299206428
tee,before,3,11,2,110.45491401455365
tee,before,3,11,3,134.75509101408534
tee,before,3,11,0,153.1932810030412
tee,before,3,11,1,185.44476499664597
tee,before,3,12,2,73.32640700042248
tee,before,3,12,3,97.78399998322129
tee,before,3,12,0,115.01150199910626
tee,before,3,12,1,148.43886499875225
tee,before,3,13,2,56.50052102282643
tee,before,3,13,3,79.50078300200403
tee,before,3,13,0,99.36328302137554
tee,before,3,13,1,132.4561450164765
tee,before,3,14,2,22.872351022670045
tee,before,3,14,3,46.32417700486258
tee,before,3,14,0,64.04973499593325
tee,before,3,14,1,96.7852670000866
tee,before,3,15,2,8.589372999267653
tee,before,3,15,3,30.839810002362356
tee,before,3,15,0,49.52517899801023
tee,before,3,15,1,82.4601479980629
tee,before,3,16,3,116.81853397749364
tee,before,3,16,0,135.89914099429734
tee,before,3,16,1,170.20477598998696
tee,before,3,16,2,193.77795699983835
tee,before,3,17,3,78.34999801707454
tee,before,3,17,0,97.03101601917297
tee,before,3,17,1,130.00830402597785
tee,before,3,17,2,154.21627400792204
tee,before,3,18,3,67.98893900122494
tee,before,3,18,0,85.88484700885601
tee,before,3,18,1,118.77421900862828
tee,before,3,18,2,143.9247739908751
tee,before,3,19,3,56.676414009416476
tee,before,3,19,0,75.87599201360717
tee,before,3,19,1,108.4445120068267
tee,before,3,19,2,134.83341201208532
tee,after,3,0,1,119.31346100755036
tee,after,3,0,2,126.55124100274406
tee,after,3,0,3,150.52651398582384
tee,after,3,0,0,190.5526960035786
tee,after,3,1,1,17.442554992157966
tee,after,3,1,2,26.889458007644862
tee,after,3,1,3,49.26762799732387
tee,after,3,1,0,89.0409669955261
tee,after,3,2,1,33.67013201932423
tee,after,3,2,2,40.859513013856485
tee,after,3,2,3,65.93836500542238
tee,after,3,2,0,104.90781700355001
tee,after,3,3,2,76.19052499649115
tee,after,3,3,3,100.28762998990715
tee,after,3,3,0,140.35493897972628
tee,after,3,3,1,168.79578499356285
tee,after,3,4,3,102.43363201152533
tee,after,3,4,0,142.54874401376583
tee,after,3,4,1,170.94846200780012
tee,after,3,4,2,179.55416699987836
tee,after,3,5,3,40.19718698691577
tee,after,3,5,0,79.1477449820377
tee,after,3,5,1,108.08438100502826
tee,after,3,5,2,114.6863600006327
tee,after,3,6,3,64.65925101656467
tee,after,3,6,0,104.45446500671096
tee,after,3,6,1,133.98559699999169
tee,after,3,6,2,140.32465999480337
tee,after,3,7,3,71.98506701388396
tee,after,3,7,0,112.2596799978055
tee,after,3,7,1,141.25312000396661
tee,after,3,7,2,147.5345450162422
tee,after,3,8,3,81.25113000278361
tee,after,3,8,0,120.70713500725105
tee,after,3,8,1,149.07806398696266
tee,after,3,8,2,157.36697099055164
tee,after,3,9,0,57.525420997990295
tee,after,3,9,1,86.65171900065616
tee,after,3,9,2,94.57310399739072
tee,after,3,9,3,118.97121099173091
tee,after,3,10,0,73.32795701222494
tee,after,3,10,1,101.80128700449131
tee,after,3,10,2,109.43436500383541
tee,after,3,10,3,133.53099301457405
tee,after,3,11,0,24.429220997262746
tee,after,3,11,1,54.7278220183216
tee,after,3,11,2,61.44138000672683
tee,after,3,11,3,85.05753599456511
tee,after,3,12,0,88.42441800516099
tee,after,3,12,1,116.04969398467802
tee,after,3,12,2,123.79411299480125
tee,after,3,12,3,148.5474639921449
tee,after,3,13,0,72.65722699230537
tee,after,3,13,1,100.79575798590668
tee,after,3,13,2,107.9125409887638
tee,after,3,13,3,132.96516699483618
tee,after,3,14,0,36.83781501604244
tee,after,3,14,1,65.51952302106656
tee,after,3,14,2,73.08012101566419
tee,after,3,14,3,97.35997300595045
tee,after,3,15,0,21.18190602050163
tee,after,3,15,1,50.326444004895166
tee,after,3,15,2,57.990217028418556
tee,after,3,15,3,82.06288400106132
tee,after,3,16,1,35.5933919781819
tee,after,3,16,2,44.28748998907395
tee,after,3,16,3,67.61658997857012
tee,after,3,16,0,107.06401098286733
tee,after,3,17,1,81.70829701703042
tee,after,3,17,2,89.14992399513721
tee,after,3,17,3,113.90464601572603
tee,after,3,17,0,153.32161000696942
tee,after,3,18,1,71.4287770097144
tee,after,3,18,2,79.12706199567765
tee,after,3,18,3,103.07760001160204
tee,after,3,18,0,143.25428300071508
tee,after,3,19,1,62.41221900563687
tee,after,3,19,2,69.93765101651661
tee,after,3,19,3,93.61543800332583
tee,after,3,19,0,133.42304900288582
shared,after,4,0,0,92.32023000367917
shared,after,4,0,1,112.591915007215
shared,after,4,0,2,135.27263698051684
shared,after,4,0,3,150.4914069955703
shared,after,4,1,1,50.90758702135645
shared,after,4,1,2,73.52369799627922
shared,after,4,1,3,88.48491602111608
shared,after,4,1,0,129.42519300850108
shared,after,4,2,1,24.995821993798018
shared,after,4,2,2,47.989826009143144
shared,after,4,2,3,64.14092899649404
shared,after,4,2,0,105.66378099611029
shared,after,4,3,1,60.08007097989321
shared,after,4,3,2,84.8672179854475
shared,after,4,3,3,98.1672579946462
shared,after,4,3,0,139.60672297980636
shared,after,4,4,1,91.5283240028657
shared,after,4,4,2,114.97329600388184
shared,after,4,4,3,130.30859199352562
shared,after,4,4,0,170.54815799929202
shared,after,4,5,2,60.66240801010281
shared,after,4,5,3,74.55706200562418
shared,after,4,5,0,116.44469402381219
shared,after,4,5,1,136.0972660186235
shared,after,4,6,2,62.276976997964084
shared,after,4,6,3,78.46211400465108
shared,after,4,6,0,119.8904929915443
shared,after,4,6,1,140.7566739944741
shared,after,4,7,2,70.32376900315285
shared,after,4,7,3,84.88676900742576
shared,after,4,7,0,126.1494469945319
shared,after,4,7,1,147.05294001032598
shared,after,4,8,2,78.09453198569827
shared,after,4,8,3,93.11535500455648
shared,after,4,8,0,135.19890699535608
shared,after,4,8,1,157.01458798139356
shared,after,4,9,3,31.019397982163355
shared,after,4,9,0,73.91834000009112
shared,after,4,9,1,92.67279098276049
shared,after,4,9,2,116.93875599303283
shared,after,4,10,3,47.94846000731923
shared,after,4,10,0,88.59250199748203
shared,after,4,10,1,109.76093800854869
shared,after,4,10,2,133.17008700687438
shared,after,4,11,3,100.29585499432869
shared,after,4,11,0,141.8913050147239
shared,after,4,11,1,162.46226499788463
shared,after,4,11,2,186.41435200697742
shared,after,4,12,0,103.41287500341423
shared,after,4,12,1,123.00679698819295
shared,after,4,12,2,147.12428601342253
shared,after,4,12,3,161.69318699394353
shared,after,4,13,0,72.44485599221662
shared,after,4,13,1,92.07310999045148
shared,after,4,13,2,116.66177399456501
shared,after,4,13,3,130.27497500297613
shared,after,4,14,0,39.939636015333235
shared,after,4,14,1,60.242375009693205
shared,after,4,14,2,82.73587899748236
shared,after,4,14,3,97.71253500366583
shared,after,4,15,0,25.77789398492314
shared,after,4,15,1,45.15908699249849
shared,after,4,15,2,69.1866329871118
shared,after,4,15,3,83.22660299018025
shared,after,4,16,0,109.03489502379671
shared,after,4,16,1,129.5604360057041
shared,after,4,16,2,152.64527601539157
shared,after,4,16,3,167.62014402775094
shared,after,4,17,0,97.01152599882334
shared,after,4,17,1,117.01653999625705
shared,after,4,17,2,141.8581059842836
shared,after,4,17,3,154.60072399582714
shared,after,4,18,0,85.68070101318881
shared,after,4,18,1,105.7373930234462
shared,after,4,18,2,129.6161070058588
shared,after,4,18,3,143.7625310209114
shared,after,4,19,1,94.2513590271119
shared,after,4,19,2,117.76666401419789
shared,after,4,19,3,131.93412800319493
shared,after,4,19,0,174.84880500705913
shared,before,4,0,0,74.29480200516991
shared,before,4,0,1,106.48912499891594
shared,before,4,0,2,128.70815000496805
shared,before,4,0,3,151.11218800302595
shared,before,4,1,0,112.22612299025059
shared,before,4,1,1,143.93764900160022
shared,before,4,1,2,166.07352599385194
shared,before,4,1,3,188.87941699358635
shared,before,4,2,0,28.801631997339427
shared,before,4,2,1,59.2976420011837
shared,before,4,2,2,82.19347702106461
shared,before,4,2,3,104.22069500782527
shared,before,4,3,1,96.5370729973074
shared,before,4,3,2,118.27878499752842
shared,before,4,3,3,141.3132009911351
shared,before,4,3,0,164.77706699515693
shared,before,4,4,1,102.86403700592928
shared,before,4,4,2,124.65057199005969
shared,before,4,4,3,147.40412999526598
shared,before,4,4,0,170.8299089805223
shared,before,4,5,1,47.83598700305447
shared,before,4,5,2,69.20969998463988
shared,before,4,5,3,92.01326698530465
shared,before,4,5,0,115.54597699432634
shared,before,4,6,1,71.74128398764879
shared,before,4,6,2,94.58782599540427
shared,before,4,6,3,117.34102701302618
shared,before,4,6,0,141.09564400860108
shared,before,4,7,1,77.39352298085578
shared,before,4,7,2,99.9366779869888
shared,before,4,7,3,122.6291419879999
shared,before,4,7,0,146.9006499974057
shared,before,4,8,1,88.22456398047507
shared,before,4,8,2,109.72970598959364
shared,before,4,8,3,132.97303498256952
shared,before,4,8,0,157.0895710028708
shared,before,4,9,1,26.044563972391188
shared,before,4,9,2,48.58467899612151
shared,before,4,9,3,70.06168697262183
shared,before,4,9,0,94.54073797678575
shared,before,4,10,2,86.79798900266178
shared,before,4,10,3,107.70344900083728
shared,before,4,10,0,131.7253930028528
shared,before,4,10,1,163.98993000620976
shared,before,4,11,2,107.45728298206814
shared,before,4,11,3,131.0492990014609
shared,before,4,11,0,153.63036197959445
shared,before,4,11,1,185.29921097797342
shared,before,4,12,2,70.71864799945615
shared,before,4,12,3,92.21645898651332
shared,before,4,12,0,116.41995797981508
shared,before,4,12,1,149.11322999978438
shared,before,4,13,2,54.294973000651225
shared,before,4,13,3,76.03394400211982
shared,before,4,13,0,100.46602599322796
shared,before,4,13,1,131.61953500821255
shared,before,4,14,2,19.925322994822636
shared,before,4,14,3,43.33512799348682
shared,before,4,14,0,67.06346001010388
shared,before,4,14,1,97.8589240112342
shared,before,4,15,3,27.761532983276993
shared,before,4,15,0,51.99310599709861
shared,before,4,15,1,82.28830900043249
shared,before,4,15,2,105.00395897543058
shared,before,4,16,3,91.54674300225452
shared,before,4,16,0,115.5931840185076
shared,before,4,16,1,147.26411900483072
shared,before,4,16,2,168.61369300750084
shared,before,4,17,3,77.46475102612749
shared,before,4,17,0,101.6534680093173
shared,before,4,17,1,133.0751970235724
shared,before,4,17,2,155.97794600762427
shared,before,4,18,3,65.64660000731237
shared,before,4,18,0,88.90393699402921
shared,before,4,18,1,120.6198139989283
shared,before,4,18,2,143.3892869972624
shared,before,4,19,3,57.19008497544564
shared,before,4,19,0,79.22904498991556
shared,before,4,19,1,111.07581399846822
shared,before,4,19,2,133.23076500091702
private,after,4,0,3,49.81527497875504
private,after,4,0,0,83.58601899817586
private,after,4,0,1,103.5217129974626
private,after,4,0,2,125.53796399151906
private,after,4,1,1,65.23109698900953
private,after,4,1,2,89.64035101234913
private,after,4,1,3,112.42788398521952
private,after,4,1,0,146.27927300170995
private,after,4,2,2,45.21320800995454
private,after,4,2,3,70.12618001317605
private,after,4,2,0,103.41943200910464
private,after,4,2,1,123.15175600815564
private,after,4,3,1,41.95099099888466
private,after,4,3,2,65.76515300548635
private,after,4,3,3,87.83498799311928
private,after,4,3,0,121.38495699036866
private,after,4,4,3,37.03176902490668
private,after,4,4,1,91.92785402410664
private,after,4,4,2,113.3712459995877
private,after,4,4,0,171.45450500538573
private,after,4,5,1,34.17599500971846
private,after,4,5,2,58.800600992981344
private,after,4,5,3,80.85726300487295
private,after,4,5,0,114.96966000413522
private,after,4,6,1,58.43415201525204
private,after,4,6,2,81.96835100534372
private,after,4,6,3,105.00324401073158
private,after,4,6,0,138.90303199877962
private,after,4,7,3,13.033964001806453
private,after,4,7,1,65.94754301477224
private,after,4,7,2,89.80789800989442
private,after,4,7,0,146.03513199836016
private,after,4,8,1,76.66539400815964
private,after,4,8,2,99.67567000421695
private,after,4,8,3,123.39482200331986
private,after,4,8,0,155.96524998545647
private,after,4,9,2,37.706253002397716
private,after,4,9,0,94.4301120180171
private,after,4,9,1,113.70342102600262
private,after,4,9,3,159.87584501272067
private,after,4,10,2,10.153098002774641
private,after,4,10,0,66.62834700546227
private,after,4,10,3,134.32963500963524
private,after,4,10,1,187.09312900318764
private,after,4,11,2,9.704991010949016
private,after,4,11,0,65.1042580138892
private,after,4,11,3,132.18917499762028
private,after,4,11,1,185.3763980034273
private,after,4,12,3,95.1808319950942
private,after,4,12,0,128.0788459989708
private,after,4,12,1,147.61060097953305
private,after,4,12,2,171.0448429803364
private,after,4,13,0,90.18513598130085
private,after,4,13,1,110.74995598755777
private,after,4,13,2,134.3245079915505
private,after,4,13,3,155.87947898893617
private,after,4,14,3,98.60922599909827
private,after,4,14,0,132.00964700081386
private,after,4,14,1,151.44412600784563
private,after,4,14,2,175.10403200867586
private,after,4,15,3,105.03942400100641
private,after,4,15,0,139.0239100146573
private,after,4,15,1,159.11839102045633
private,after,4,15,2,183.84486000286415
private,after,4,16,3,88.77602498978376
private,after,4,16,0,122.97699501505122
private,after,4,16,1,142.30120601132512
private,after,4,16,2,164.70590000972152
private,after,4,17,3,77.22627301700413
private,after,4,17,0,110.47410700120963
private,after,4,17,1,130.47274301061407
private,after,4,17,2,154.54332399531268
private,after,4,18,3,65.20558599731885
private,after,4,18,0,98.7509050173685
private,after,4,18,1,120.05249698995613
private,after,4,18,2,141.76232099998742
private,after,4,19,3,58.43748999177478
private,after,4,19,0,92.02715498395264
private,after,4,19,1,110.67342400201596
private,after,4,19,2,134.6002979844343
private,before,4,0,3,51.17378098657355
private,before,4,0,0,71.02900897734798
private,before,4,0,1,100.57832099846564
private,before,4,0,2,125.39169398951344
private,before,4,1,0,34.32143101235852
private,before,4,1,1,63.40123701374978
private,before,4,1,2,88.767502020346
private,before,4,1,3,114.01133899926208
private,before,4,2,1,55.01946702133864
private,before,4,2,2,78.8698680116795
private,before,4,2,3,103.9456800208427
private,before,4,2,0,125.14350001583807
private,before,4,3,1,71.18588799494319
private,before,4,3,2,94.48256398900412
private,before,4,3,3,120.01500598853454
private,before,4,3,0,140.93214899185114
private,before,4,4,2,26.034729002276435
private,before,4,4,3,51.265036017866805
private,before,4,4,1,101.94880800554529
private,before,4,4,0,171.70764500042424
private,before,4,5,1,46.72960698371753
private,before,4,5,2,69.74298198474571
private,before,4,5,3,95.29288799967617
private,before,4,5,0,115.71555200498551
private,before,4,6,3,18.865732999984175
private,before,4,6,1,70.63955400371924
private,before,4,6,2,94.52690999023616
private,before,4,6,0,139.65637300862
private,before,4,7,3,26.940002979245037
private,before,4,7,1,77.70817598793656
private,before,4,7,2,102.9017659893725
private,before,4,7,0,146.86274199630134
private,before,4,8,3,36.13591199973598
private,before,4,8,2,110.92132001067512
private,before,4,8,0,156.61035000812262
private,before,4,8,1,186.78729800740257
private,before,4,9,0,66.09464800567366
private,before,4,9,1,95.72454501176253
private,before,4,9,2,119.56695900880732
private,before,4,9,3,144.8407770076301
private,before,4,10,2,108.71505699469708
private,before,4,10,3,133.72214400442317
private,before,4,10,0,153.48516398807988
private,before,4,10,1,183.57097698026337
private,before,4,11,0,55.44665199704468
private,before,4,11,1,85.51023199106567
private,before,4,11,2,110.22203898755834
private,before,4,11,3,134.07857998390682
private,before,4,12,0,69.62115099304356
private,before,4,12,1,100.06339798565023
private,before,4,12,2,123.90140199568123
private,before,4,12,3,149.50983997550793
private,before,4,13,0,53.71645200648345
private,before,4,13,1,83.85411999188364
private,before,4,13,2,107.19448601594195
private,before,4,13,3,131.48751101107337
private,before,4,14,2,74.70571601879783
private,before,4,14,3,98.81462302291766
private,before,4,14,0,119.52833499526605
private,before,4,14,1,149.45446699857712
private,before,4,15,0,52.217635995475575
private,before,4,15,1,82.13721099309623
private,before,4,15,2,106.85730297700502
private,before,4,15,3,132.01417698292062
private,before,4,16,3,68.45200699171983
private,before,4,16,0,89.55296999192797
private,before,4,16,1,118.06826200336218
private,before,4,16,2,143.16946498001926
private,before,4,17,3,79.96694999746978
private,before,4,17,0,100.49028601497412
private,before,4,17,1,131.32258501718752
private,before,4,17,2,155.6763469998259
private,before,4,18,3,68.38942199829035
private,before,4,18,0,88.47973099909723
private,before,4,18,1,119.25826699007303
private,before,4,18,2,143.24736798880622
private,before,4,19,3,57.463371980702505
private,before,4,19,0,79.16675898013636
private,before,4,19,1,107.64622798888013
private,before,4,19,2,133.08830998721533
tee,after,4,0,1,99.23948399955407
tee,after,4,0,2,121.96920101996511
tee,after,4,0,3,147.27240402135067
tee,after,4,0,0,174.93111902149394
tee,after,4,1,1,12.766817002557218
tee,after,4,1,2,37.295100977644324
tee,after,4,1,3,63.63619799958542
tee,after,4,1,0,87.78617199277505
tee,after,4,2,2,51.30556700169109
tee,after,4,2,3,76.01636101026088
tee,after,4,2,0,103.70887099998072
tee,after,4,2,1,128.0371230095625
tee,after,4,3,2,65.85116300266236
tee,after,4,3,3,91.54066297924146
tee,after,4,3,0,116.60544699407183
tee,after,4,3,1,140.89042600244284
tee,after,4,4,3,119.55658797523938
tee,after,4,4,0,145.83676899201237
tee,after,4,4,1,171.6092979768291
tee,after,4,4,2,195.21353297750466
tee,after,4,5,3,42.29759200825356
tee,after,4,5,0,66.9187399907969
tee,after,4,5,1,91.9238009955734
tee,after,4,5,2,116.68555598589592
tee,after,4,6,3,63.10273701092228
tee,after,4,6,0,89.89068999653682
tee,after,4,6,1,113.95596599322744
tee,after,4,6,2,138.27128300908953
tee,after,4,7,0,98.44268998131156
tee,after,4,7,1,122.58586898678914
tee,after,4,7,2,147.91726498515345
tee,after,4,7,3,172.96154599171132
tee,after,4,8,0,80.52097499603406
tee,after,4,8,1,104.4798569928389
tee,after,4,8,2,128.03986499784514
tee,after,4,8,3,153.27899300609715
tee,after,4,9,1,45.00328001449816
tee,after,4,9,2,69.58014200790785
tee,after,4,9,3,95.02770699327812
tee,after,4,9,0,122.3746899922844
tee,after,4,10,1,55.0192880036775
tee,after,4,10,2,78.60659502330236
tee,after,4,10,3,104.62976101553068
tee,after,4,10,0,130.79025602201
tee,after,4,11,1,10.358436004025862
tee,after,4,11,2,35.2476850093808
tee,after,4,11,3,60.56876899674535
tee,after,4,11,0,84.57902999361977
tee,after,4,12,2,97.02487700269558
tee,after,4,12,3,121.36880398611538
tee,after,4,12,0,148.89907199540175
tee,after,4,12,1,174.60752598708495
tee,after,4,13,2,56.60411299322732
tee,after,4,13,3,82.14811800280586
tee,after,4,13,0,106.26471400610171
tee,after,4,13,1,131.37664599344134
tee,after,4,14,2,21.688426000764593
tee,after,4,14,3,46.43170299823396
tee,after,4,14,0,72.78561498969793
tee,after,4,14,1,98.42421300709248
tee,after,4,15,3,32.28706700610928
tee,after,4,15,0,56.15815200144425
tee,after,4,15,1,82.2631549963262
tee,after,4,15,2,108.27350601903163
tee,after,4,16,3,87.36542399856262
tee,after,4,16,0,115.05280900746584
tee,after,4,16,1,139.84877700568177
tee,after,4,16,2,164.0486399992369
tee,after,4,17,0,105.5442140204832
tee,after,4,17,1,129.93826900492422
tee,after,4,17,2,154.83425400452688
tee,after,4,17,3,181.89173701102845
tee,after,4,18,0,67.67559799482115
tee,after,4,18,1,92.19476298312657
tee,after,4,18,2,115.5977729940787
tee,after,4,18,3,139.77236399659887
tee,after,4,19,0,59.43515000399202
tee,after,4,19,1,83.65080898511223
tee,after,4,19,2,108.44010100117885
tee,after,4,19,3,134.3652179930359
tee,before,4,0,1,101.26943598152138
tee,before,4,0,2,123.85628098854795
tee,before,4,0,3,149.16687499498948
tee,before,4,0,0,171.87024600571021
tee,before,4,1,1,117.68458798178472
tee,before,4,1,2,139.31805800530128
tee,before,4,1,3,165.35278799710795
tee,before,4,1,0,187.81726399902254
tee,before,4,2,1,33.46771400538273
tee,before,4,2,2,56.04025401407853
tee,before,4,2,3,82.06914199399762
tee,before,4,2,0,104.44087401265278
tee,before,4,3,1,70.59645999106579
tee,before,4,3,2,95.45405901735649
tee,before,4,3,3,119.15026401402429
tee,before,4,3,0,141.68805399094708
tee,before,4,4,2,23.534199979621917
tee,before,4,4,3,49.50729798292741
tee,before,4,4,0,71.10035698860884
tee,before,4,4,1,101.33816098095849
tee,before,4,5,2,38.9365509909112
tee,before,4,5,3,65.16839299001731
tee,before,4,5,0,86.62132098106667
tee,before,4,5,1,115.93888999777846
tee,before,4,6,2,62.44488200172782
tee,before,4,6,3,88.48813499207608
tee,before,4,6,0,109.86250400310382
tee,before,4,6,1,139.76199200260453
tee,before,4,7,3,94.92411400424317
tee,before,4,7,0,115.56123499758542
tee,before,4,7,1,145.69699598359875
tee,before,4,7,2,169.2947339906823
tee,before,4,8,3,80.41916997171938
tee,before,4,8,0,102.29183299816214
tee,before,4,8,1,131.73773098969832
tee,before,4,8,2,155.29773899470456
tee,before,4,9,3,19.651499984320253
tee,before,4,9,0,41.416994004976004
tee,before,4,9,1,72.35062099061906
tee,before,4,9,2,95.48743700725026
tee,before,4,10,0,78.85514598456211
tee,before,4,10,1,109.5286589988973
tee,before,4,10,2,131.27192098181695
tee,before,4,10,3,158.48002600250766
tee,before,4,11,0,106.38743999879807
tee,before,4,11,1,137.28250298299827
tee,before,4,11,2,158.3423389820382
tee,before,4,11,3,185.22267800290138
tee,before,4,12,1,99.07205501804128
tee,before,4,12,2,122.54140499862842
tee,before,4,12,3,147.46123101213016
tee,before,4,12,0,168.94414002308622
tee,before,4,13,1,63.23046999750659
tee,before,4,13,2,85.7702280045487
tee,before,4,13,3,111.25957500189543
tee,before,4,13,0,133.0110630078707
tee,before,4,14,1,28.462482994655147
tee,before,4,14,2,50.175524986116216
tee,before,4,14,3,76.171272987267
tee,before,4,14,0,98.91666600015014
tee,before,4,15,1,111.03772697970271
tee,before,4,15,2,132.82932798028924
tee,before,4,15,3,159.0206979890354
tee,before,4,15,0,180.92888599494472
tee,before,4,16,2,118.08191100135446
tee,before,4,16,3,145.420191984158
tee,before,4,16,0,165.36148899467662
tee,before,4,16,1,196.28897699294612
tee,before,4,17,2,77.7227790094912
tee,before,4,17,3,102.42320102406666
tee,before,4,17,0,125.79098501009867
tee,before,4,17,1,154.25293100997806
tee,before,4,18,2,68.1292490044143
tee,before,4,18,3,91.94305300479755
tee,before,4,18,0,114.59582101088017
tee,before,4,18,1,143.878937989939
tee,before,4,19,3,81.05300401803106
tee,before,4,19,0,102.44471800979227
tee,before,4,19,1,132.9327420098707
tee,before,4,19,2,154.5074419991579
shared,before,5,0,3,49.33670998434536
shared,before,5,0,0,67.71899099112488
shared,before,5,0,1,97.77827898506075
shared,before,5,0,2,124.18857601005584
shared,before,5,1,3,13.679363008122891
shared,before,5,1,0,31.540819007204846
shared,before,5,1,1,61.51570699876174
shared,before,5,1,2,87.49870001338422
shared,before,5,2,0,48.032144986791536
shared,before,5,2,1,77.60893399245106
shared,before,5,2,2,104.2986579996068
shared,before,5,2,3,128.97046998841688
shared,before,5,3,0,59.52026598970406
shared,before,5,3,1,89.19307799078524
shared,before,5,3,2,116.53219399158843
shared,before,5,3,3,141.2242119840812
shared,before,5,4,0,89.66365599189885
shared,before,5,4,1,119.66292298166081
shared,before,5,4,2,147.19599098316394
shared,before,5,4,3,172.40859498269856
shared,before,5,5,0,34.216764994198456
shared,before,5,5,1,63.93249300890602
shared,before,5,5,2,89.2936910095159
shared,before,5,5,3,117.00956700951792
shared,before,5,6,1,86.94616600405425
shared,before,5,6,2,112.51419101608917
shared,before,5,6,3,138.98695501848124
shared,before,5,6,0,157.27988802245818
shared,before,5,7,1,76.32827101042494
shared,before,5,7,2,103.48082400741987
shared,before,5,7,3,129.55459402292036
shared,before,5,7,0,147.617156006163
shared,before,5,8,1,84.93290300248191
shared,before,5,8,2,112.507634999929
shared,before,5,8,3,137.06321801873855
shared,before,5,8,0,155.63706800458021
shared,before,5,9,1,25.02747200196609
shared,before,5,9,2,50.666486989939585
shared,before,5,9,3,76.41994298319332
shared,before,5,9,0,95.21957399556413
shared,before,5,10,1,62.63049098197371
shared,before,5,10,2,89.13311598007567
shared,before,5,10,3,115.07009400520474
shared,before,5,10,0,132.98728098743595
shared,before,5,11,1,15.27038699714467
shared,before,5,11,2,41.5508059959393
shared,before,5,11,3,68.93438700353727
shared,before,5,11,0,86.03475199197419
shared,before,5,12,1,76.76165600423701
shared,before,5,12,2,103.92958699958399
shared,before,5,12,3,129.27069899160415
shared,before,5,12,0,147.7322529826779
shared,before,5,13,2,89.7114590043202
shared,before,5,13,3,114.1836559982039
shared,before,5,13,0,133.40832700487226
shared,before,5,13,1,162.11965802358463
shared,before,5,14,2,25.734263006597757
shared,before,5,14,3,50.242938013980165
shared,before,5,14,0,69.35442000394687
shared,before,5,14,1,99.5624809875153
shared,before,5,15,2,107.11580698261969
shared,before,5,15,3,133.95901300827973
shared,before,5,15,0,151.39822999481112
shared,before,5,15,1,181.28371200873516
shared,before,5,16,2,92.60323300259188
shared,before,5,16,3,119.12713700439781
shared,before,5,16,0,137.29573498130776
shared,before,5,16,1,166.12168599385768
shared,before,5,17,2,82.41335902130231
shared,before,5,17,3,107.32859600102529
shared,before,5,17,0,126.13394900108688
shared,before,5,17,1,155.05407500313595
shared,before,5,18,2,70.9231520013418
shared,before,5,18,3,96.22987202601507
shared,before,5,18,0,113.9069710043259
shared,before,5,18,1,144.48845500010066
shared,before,5,19,2,59.69502599327825
shared,before,5,19,3,83.3828269969672
shared,before,5,19,0,101.98659799061716
shared,before,5,19,1,131.4947229984682
shared,after,5,0,1,108.93422301160172
shared,after,5,0,2,132.65033601783216
shared,after,5,0,3,152.0961410133168
shared,after,5,0,0,185.005182021996
shared,after,5,1,1,112.71106600179337
shared,after,5,1,2,136.58381899585947
shared,after,5,1,3,156.24986198963597
shared,after,5,1,0,188.99576598778367
shared,after,5,2,1,27.781501004938036
shared,after,5,2,2,51.09027601429261
shared,after,5,2,3,70.95712699810974
shared,after,5,2,0,103.95110500394367
shared,after,5,3,1,64.89856200641952
shared,after,5,3,2,87.82241100561805
shared,after,5,3,3,108.33203798392788
shared,after,5,3,0,141.6315480018966
shared,after,5,4,2,118.06975200306624
shared,after,5,4,3,137.73806099197827
shared,after,5,4,0,170.55030399933457
shared,after,5,4,1,195.41326799662784
shared,after,5,5,2,40.27675901306793
shared,after,5,5,3,60.16667699441314
shared,after,5,5,0,93.10307700070553
shared,after,5,5,1,116.0486220032908
shared,after,5,6,2,61.434406001353636
shared,after,5,6,3,81.98831899790093
shared,after,5,6,0,114.66359099722467
shared,after,5,6,1,138.39216099586338
shared,after,5,7,2,72.05718799377792
shared,after,5,7,3,91.23745499528013
shared,after,5,7,0,125.55793099454604
shared,after,5,7,1,148.2786480046343
shared,after,5,8,3,100.69890099111944
shared,after,5,8,0,132.74564300081693
shared,after,5,8,1,156.9000279996544
shared,after,5,8,2,180.41795599856414
shared,after,5,9,3,114.68647900619544
shared,after,5,9,0,147.91786100249738
shared,after,5,9,1,172.97537400736474
shared,after,5,9,2,195.14331800746731
shared,after,5,10,3,53.70959697756916
shared,after,5,10,0,85.83132197964005
shared,after,5,10,1,110.17489098594524
shared,after,5,10,2,133.89326899778098
shared,after,5,11,3,105.25149700697511
shared,after,5,11,0,137.6245740102604
shared,after,5,11,1,161.4846309821587
shared,after,5,11,2,184.48733698460273
shared,after,5,12,0,100.0265619950369
shared,after,5,12,1,125.69013400934637
shared,after,5,12,2,148.48517801146954
shared,after,5,12,3,168.17101000924595
shared,after,5,13,0,65.26095900335349
shared,after,5,13,1,89.31318199029192
shared,after,5,13,2,112.67977301031351
shared,after,5,13,3,133.1077410141006
shared,after,5,14,0,28.639328986173496
shared,after,5,14,1,53.394288988783956
shared,after,5,14,2,75.9137810091488
shared,after,5,14,3,95.11079601361416
shared,after,5,15,0,114.58676098845899
shared,after,5,15,1,138.75169600942172
shared,after,5,15,2,161.64902099990286
shared,after,5,15,3,182.55626899190247
shared,after,5,16,0,99.11669901339337
shared,after,5,16,1,123.66411602124572
shared,after,5,16,2,147.3831490147859
shared,after,5,16,3,167.05765601363964
shared,after,5,17,0,87.08051400026307
shared,after,5,17,1,110.84192601265386
shared,after,5,17,2,133.167644002242
shared,after,5,17,3,153.07895999285392
shared,after,5,18,1,101.0021090041846
shared,after,5,18,2,124.15263400180265
shared,after,5,18,3,143.94336999976076
shared,after,5,18,0,176.49734701262787
shared,after,5,19,1,57.64194700168446
shared,after,5,19,2,80.7205890014302
shared,after,5,19,3,101.34686200763099
shared,after,5,19,0,135.5050350248348
private,before,5,0,3,49.48065499775112
private,before,5,0,0,63.06208699243143
private,before,5,0,1,91.92916500614956
private,before,5,0,2,125.75128799653612
private,before,5,1,0,26.053921988932416
private,before,5,1,1,55.08568699588068
private,before,5,1,2,89.1195849981159
private,before,5,1,3,112.16401398996823
private,before,5,2,0,18.553822999820113
private,before,5,2,1,46.457215008558705
private,before,5,2,2,80.9452400135342
private,before,5,2,3,105.41391899459995
private,before,5,3,3,41.25480999937281
private,before,5,3,0,53.85246899095364
private,before,5,3,1,82.175179006299
private,before,5,3,2,117.20721499295905
private,before,5,4,1,36.63325199158862
private,before,5,4,2,71.57307997113094
private,before,5,4,3,94.11921497667208
private,before,5,4,0,108.33013098454103
private,before,5,5,1,45.51277999416925
private,before,5,5,2,78.97739499458112
private,before,5,5,3,102.59098798269406
private,before,5,5,0,117.00867197941989
private,before,5,6,3,26.176051993388683
private,before,5,6,1,68.0536100117024
private,before,5,6,2,101.33667002082802
private,before,5,6,0,139.38678201520815
private,before,5,7,3,33.62983901752159
private,before,5,7,1,75.07544301915914
private,before,5,7,2,109.36057401704602
private,before,5,7,0,147.2910600132309
private,before,5,8,2,19.124357000691816
private,before,5,8,3,42.18392600887455
private,before,5,8,1,84.80302500538528
private,before,5,8,0,155.99272801773623
private,before,5,9,1,24.397270986810327
private,before,5,9,2,58.31285097519867
private,before,5,9,3,81.58752997405827
private,before,5,9,0,94.90985999582335
private,before,5,10,1,62.98018500092439
private,before,5,10,3,119.99711400130764
private,before,5,10,0,134.17834500432946
private,before,5,10,2,197.3770989861805
private,before,5,11,3,109.01223498512991
private,before,5,11,0,122.7375520102214
private,before,5,11,1,151.21260800515302
private,before,5,11,2,185.08557000313886
private,before,5,12,0,84.86941602313891
private,before,5,12,1,113.49205300211906
private,before,5,12,2,147.5174840015825
private,before,5,12,3,171.6318120015785
private,before,5,13,2,109.38595500192605
private,before,5,13,3,133.3012639952358
private,before,5,13,0,146.3805270032026
private,before,5,13,1,174.22615899704397
private,before,5,14,0,71.00402901414782
private,before,5,14,1,98.47409301437438
private,before,5,14,2,133.22628199239261
private,before,5,14,3,156.34247299749404
private,before,5,15,3,82.58673999807797
private,before,5,15,0,97.04328500083648
private,before,5,15,1,125.43245102278888
private,before,5,15,2,158.71944100945257
private,before,5,16,3,91.67714801151305
private,before,5,16,0,105.96465499838814
private,before,5,16,1,133.63075800589286
private,before,5,16,2,169.0676840080414
private,before,5,17,3,78.08111401391216
private,before,5,17,0,92.39329601405188
private,before,5,17,1,119.88350699539296
private,before,5,17,2,153.8268029980827
private,before,5,18,3,66.05351401958615
private,before,5,18,0,80.29852202162147
private,before,5,18,1,108.99340000469238
private,before,5,18,2,143.1838160206098
private,before,5,19,3,57.050606003031135
private,before,5,19,0,70.61940099811181
private,before,5,19,1,99.03908398700878
private,before,5,19,2,133.0419250007253
private,after,5,0,3,51.58975601079874
private,after,5,0,0,85.9533240145538
private,after,5,0,1,105.35805902327411
private,after,5,0,2,126.53948602383025
private,after,5,1,0,47.266819019569084
private,after,5,1,1,66.20425402070396
private,after,5,1,2,89.3374320003204
private,after,5,1,3,113.06313899694942
private,after,5,2,0,39.12602999480441
private,after,5,2,1,56.93008500384167
private,after,5,2,2,79.49934399221092
private,after,5,2,3,103.98631999851204
private,after,5,3,3,39.86709300079383
private,after,5,3,1,93.83274600259028
private,after,5,3,2,117.40842802100815
private,after,5,3,0,174.4733980158344
private,after,5,4,3,36.95100100594573
private,after,5,4,1,90.71620399481617
private,after,5,4,2,112.25811898475513
private,after,5,4,0,171.0273619974032
private,after,5,5,1,35.20363400457427
private,after,5,5,2,59.116736985743046
private,after,5,5,3,82.38569399691187
private,after,5,5,0,116.5712229849305
private,after,5,6,1,58.88207399402745
private,after,5,6,3,105.50242199678905
private,after,5,6,0,139.492924005026
private,after,5,6,2,181.22176500037313
private,after,5,7,1,25.82736298791133
private,after,5,7,3,71.24679800472222
private,after,5,7,0,106.12910400959663
private,after,5,7,2,149.82620600494556
private,after,5,8,0,112.4741259845905
private,after,5,8,1,130.9974289906677
private,after,5,8,2,154.519645991968
private,after,5,8,3,177.56723199272528
private,after,5,9,3,95.61826000572182
private,after,5,9,0,130.64135101740249
private,after,5,9,1,148.86800301610492
private,after,5,9,2,172.94591301470064
private,after,5,10,0,89.91088601760566
private,after,5,10,1,108.17318101180717
private,after,5,10,2,130.6981540110428
private,after,5,10,3,155.88613899308257
private,after,5,11,0,119.34253701474518
private,after,5,11,1,138.00388399977237
private,after,5,11,2,161.44819700275548
private,after,5,11,3,185.2540130203124
private,after,5,12,0,82.13291197898798
private,after,5,12,1,101.71431498019956
private,after,5,12,2,123.15221998142079
private,after,5,12,3,148.71207799296826
private,after,5,13,0,65.74994800030254
private,after,5,13,1,84.56853200914338
private,after,5,13,2,107.63072100235149
private,after,5,13,3,131.22893299441785
private,after,5,14,2,73.61893999041058
private,after,5,14,3,98.65928400540724
private,after,5,14,0,133.2777210045606
private,after,5,14,1,152.55716699175537
private,after,5,15,0,61.92595901666209
private,after,5,15,1,81.84752499801107
private,after,5,15,2,104.69162100343965
private,after,5,15,3,128.67273300071247
private,after,5,16,3,67.54684500629082
private,after,5,16,0,101.5412220149301
private,after,5,16,1,121.20708500151522
private,after,5,16,2,141.9652010081336
private,after,5,17,2,56.42916899523698
private,after,5,17,3,79.12419398780912
private,after,5,17,0,114.26643500453793
private,after,5,17,1,131.9915739877615
private,after,5,18,2,66.79678300861269
private,after,5,18,3,91.37441701022908
private,after,5,18,0,125.48102901200764
private,after,5,18,1,144.75409800070338
private,after,5,19,2,56.08310498064384
private,after,5,19,3,79.10142498440109
private,after,5,19,0,113.27157498453744
private,after,5,19,1,132.5795129814651
tee,before,5,0,1,115.6109340081457
tee,before,5,0,2,136.86561500071548
tee,before,5,0,3,150.39829001761973
tee,before,5,0,0,195.4578919976484
tee,before,5,1,1,109.80807399027981
tee,before,5,1,2,130.71639300324023
tee,before,5,1,3,143.7730659963563
tee,before,5,1,0,189.02256898581982
tee,before,5,2,1,23.23742600856349
tee,before,5,2,2,45.859674020903185
tee,before,5,2,3,58.52140701608732
tee,before,5,2,0,104.30651600472629
tee,before,5,3,1,60.788764007156715
tee,before,5,3,2,82.26797499810345
tee,before,5,3,3,94.95927201351151
tee,before,5,3,0,139.9155799881555
tee,before,5,4,2,114.39512099605054
tee,before,5,4,3,127.42967999656685
tee,before,5,4,0,172.93435000465252
tee,before,5,4,1,192.65403499593958
tee,before,5,5,2,37.626438977895305
tee,before,5,5,3,50.344199989922345
tee,before,5,5,0,96.76898497855291
tee,before,5,5,1,116.34883799706586
tee,before,5,6,2,60.96555100521073
tee,before,5,6,3,74.27447001100518
tee,before,5,6,0,119.02222101343796
tee,before,5,6,1,140.25753102032468
tee,before,5,7,2,68.41933701070957
tee,before,5,7,3,81.27544101444073
tee,before,5,7,0,126.51504899258725
tee,before,5,7,1,147.21546799410135
tee,before,5,8,3,89.4484750169795
tee,before,5,8,0,134.2417639971245
tee,before,5,8,1,154.96048200293444
tee,before,5,8,2,176.6830580017995
tee,before,5,9,3,8.310303994221613
tee,before,5,9,0,52.500276011414826
tee,before,5,9,1,72.3082360054832
tee,before,5,9,2,94.50323801138438
tee,before,5,10,3,47.19451701384969
tee,before,5,10,0,91.48849899065681
tee,before,5,10,1,111.09559200122021
tee,before,5,10,2,133.18455801345408
tee,before,5,11,0,43.61544401035644
tee,before,5,11,1,63.63899301504716
tee,before,5,11,2,85.54467500653118
tee,before,5,11,3,98.6889070190955
tee,before,5,12,0,94.42306999699213
tee,before,5,12,1,114.14424498798326
tee,before,5,12,2,135.70910898852162
tee,before,5,12,3,147.47087299474515
tee,before,5,13,0,78.34158599143848
tee,before,5,13,1,99.25938199739903
tee,before,5,13,2,120.33185199834406
tee,before,5,13,3,133.52376699913293
tee,before,5,14,0,43.53932899539359
tee,before,5,14,1,63.21723200380802
tee,before,5,14,2,85.09346898063086
tee,before,5,14,3,98.40971897938289
tee,before,5,15,0,128.12860298436135
tee,before,5,15,1,147.31792698148638
tee,before,5,15,2,169.1696670022793
tee,before,5,15,3,182.2917259996757
tee,before,5,16,0,112.80010300106369
tee,before,5,16,1,132.78020100551657
tee,before,5,16,2,154.8285169992596
tee,before,5,16,3,168.30265999305993
tee,before,5,17,0,100.21007500472479
tee,before,5,17,1,120.82251699757762
tee,before,5,17,2,142.71127100801095
tee,before,5,17,3,154.91959298378788
tee,before,5,18,0,88.3698120014742
tee,before,5,18,1,109.06766800326295
tee,before,5,18,2,132.0179190079216
tee,before,5,18,3,144.85375699587166
tee,before,5,19,0,78.55520799057558
tee,before,5,19,1,97.72945300210267
tee,before,5,19,2,120.16192000010051
tee,before,5,19,3,133.42899599228986
tee,after,5,0,1,93.16529499483295
tee,after,5,0,2,117.03184701036662
tee,after,5,0,3,148.60753100947477
tee,after,5,0,0,170.81028199754655
tee,after,5,1,1,10.488313011592254
tee,after,5,1,2,35.17806401941925
tee,after,5,1,3,66.99300100444816
tee,after,5,1,0,88.4952790220268
tee,after,5,2,2,49.730750994058326
tee,after,5,2,3,81.26715599792078
tee,after,5,2,0,103.5771349852439
tee,after,5,2,1,126.37104399618693
tee,after,5,3,2,64.55565098440275
tee,after,5,3,3,97.19724400201812
tee,after,5,3,0,117.50600099912845
tee,after,5,3,1,141.07703400077298
tee,after,5,4,2,94.92988701094873
tee,after,5,4,3,127.4208590039052
tee,after,5,4,0,148.91139502287842
tee,after,5,4,1,171.6055260039866
tee,after,5,5,2,39.750268013449386
tee,after,5,5,3,71.50166601059027
tee,after,5,5,0,93.68194700800814
tee,after,5,5,1,115.54203100968152
tee,after,5,6,3,95.71058800793253
tee,after,5,6,0,117.4466350057628
tee,after,5,6,1,140.29079099418595
tee,after,5,6,2,165.30371698900126
tee,after,5,7,3,77.71740699536167
tee,after,5,7,0,99.29824399296194
tee,after,5,7,1,122.72080199909396
tee,after,5,7,2,145.82137699471787
tee,after,5,8,3,87.87992200814188
tee,after,5,8,0,109.11278799176216
tee,after,5,8,1,132.10780298686586
tee,after,5,8,2,155.0807039893698
tee,after,5,9,3,27.580033987760544
tee,after,5,9,0,47.81804099911824
tee,after,5,9,1,71.71534898225218
tee,after,5,9,2,94.81699598836713
tee,after,5,10,3,65.65571299870498
tee,after,5,10,0,88.19511000183411
tee,after,5,10,1,109.45885098772123
tee,after,5,10,2,133.75717899180017
tee,after,5,11,0,36.48578698630445
tee,after,5,11,1,59.541836992139
tee,after,5,11,2,83.76792300259694
tee,after,5,11,3,116.02619898621924
tee,after,5,12,0,69.17214198620059
tee,after,5,12,1,92.54975800286047
tee,after,5,12,2,115.4776579933241
tee,after,5,12,3,147.5481799861882
tee,after,5,13,0,52.155940007651225
tee,after,5,13,1,75.47019599587657
tee,after,5,13,2,98.16045299521647
tee,after,5,13,3,131.0267540102359
tee,after,5,14,0,19.122208992484957
tee,after,5,14,1,41.52219198294915
tee,after,5,14,2,65.95206700148992
tee,after,5,14,3,96.95524899871089
tee,after,5,15,0,103.91652298858389
tee,after,5,15,1,126.8186740053352
tee,after,5,15,2,150.11922098346986
tee,after,5,15,3,182.62235200381838
tee,after,5,16,1,112.20411799149588
tee,after,5,16,2,135.58340299641714
tee,after,5,16,3,168.1231900001876
tee,after,5,16,0,189.17163999867626
tee,after,5,17,1,77.8348870226182
tee,after,5,17,2,100.88777801138349
tee,after,5,17,3,132.70706601906568
tee,after,5,17,0,154.13626900408417
tee,after,5,18,1,66.80661698919721
tee,after,5,18,2,89.68981300131418
tee,after,5,18,3,122.09257000358775
tee,after,5,18,0,143.75512499827892
tee,after,5,19,2,78.28335199155845
tee,after,5,19,3,110.31983900466003
tee,after,5,19,0,132.17753899516538
tee,after,5,19,1,154.73237400874496
shared,after,6,0,2,26.395215012598783
shared,after,6,0,3,50.36506202304736
shared,after,6,0,0,86.74338200944476
shared,after,6,0,1,103.58142599579878
shared,after,6,1,2,111.09863300225697
shared,after,6,1,3,135.4486370109953
shared,after,6,1,0,170.1060550112743
shared,after,6,1,1,188.23364400304854
shared,after,6,2,2,26.270642003510147
shared,after,6,2,3,49.35625600046478
shared,after,6,2,0,85.30667499871925
shared,after,6,2,1,103.3107629918959
shared,after,6,3,3,87.46030600741506
shared,after,6,3,0,122.74458500905894
shared,after,6,3,1,141.0011569969356
shared,after,6,3,2,162.90123699582182
shared,after,6,4,3,93.2853980048094
shared,after,6,4,0,128.35903398809023
shared,after,6,4,1,148.30152099602856
shared,after,6,4,2,169.01523200795054
shared,after,6,5,3,41.94365598959848
shared,after,6,5,0,76.7435279849451
shared,after,6,5,1,96.1454619828146
shared,after,6,5,2,117.59493098361418
shared,after,6,6,0,99.63214900926687
shared,after,6,6,1,116.68941902462393
shared,after,6,6,2,139.68306200695224
shared,after,6,6,3,164.31666500284337
shared,after,6,7,0,81.98366200667806
shared,after,6,7,1,101.41557699535042
shared,after,6,7,2,122.59199700201862
shared,after,6,7,3,146.58962000976317
shared,after,6,8,0,91.50149297784083
shared,after,6,8,1,110.30845399363898
shared,after,6,8,2,131.84649500180967
shared,after,6,8,3,155.16313599073328
shared,after,6,9,0,32.02480400796048
shared,after,6,9,1,51.538198022171855
shared,after,6,9,2,72.86321301944554
shared,after,6,9,3,98.81610301090404
shared,after,6,10,0,66.53708600788377
shared,after,6,10,1,85.32711898442358
shared,after,6,10,2,107.19477300881408
shared,after,6,10,3,130.94134198036045
shared,after,6,11,0,20.171427982859313
shared,after,6,11,1,38.94733500783332
shared,after,6,11,2,61.87368498649448
shared,after,6,11,3,85.7656289881561
shared,after,6,12,2,123.02645499585196
shared,after,6,12,3,145.74156599701382
shared,after,6,12,0,181.85875899507664
shared,after,6,12,1,200.0920260034036
shared,after,6,13,1,33.87338001630269
shared,after,6,13,2,56.04513600701466
shared,after,6,13,3,80.66664001671597
shared,after,6,13,0,115.53714401088655
shared,after,6,14,2,38.59644301701337
shared,after,6,14,3,61.9930730026681
shared,after,6,14,0,97.82911100774072
shared,after,6,14,1,116.42817201209255
shared,after,6,15,2,104.2659250088036
shared,after,6,15,3,128.46858700504526
shared,after,6,15,0,164.32244700263254
shared,after,6,15,1,182.32438899576664
shared,after,6,16,3,112.98142099985853
shared,after,6,16,0,148.89554100227542
shared,after,6,16,1,166.8569519824814
shared,after,6,16,2,188.86527299764566
shared,after,6,17,3,80.14194099814631
shared,after,6,17,0,114.17541900300421
shared,after,6,17,1,132.70945099066012
shared,after,6,17,2,154.84186899266206
shared,after,6,18,3,66.8655660119839
shared,after,6,18,0,103.12741898815148
shared,after,6,18,1,120.70128199411556
shared,after,6,18,2,143.75715199275874
shared,after,6,19,3,57.66530698747374
shared,after,6,19,0,93.38994399877265
shared,after,6,19,1,111.33651400450617
shared,after,6,19,2,132.66218398348428
shared,before,6,0,0,67.5881520146504
shared,before,6,0,1,98.43862798879854
shared,before,6,0,2,125.35216400283389
shared,before,6,0,3,149.87120698788203
shared,before,6,1,0,6.4544560154899955
shared,before,6,1,1,35.97354600788094
shared,before,6,1,2,64.01110399747267
shared,before,6,1,3,90.26273200288415
shared,before,6,2,1,51.065116975223646
shared,before,6,2,2,77.76008397922851
shared,before,6,2,3,103.13021999900229
shared,before,6,2,0,120.52520900033414
shared,before,6,3,1,71.40743199852295
shared,before,6,3,2,98.67573500378057
shared,before,6,3,3,123.27196600381285
shared,before,6,3,0,141.76630100701004
shared,before,6,4,1,100.7863310223911
shared,before,6,4,2,127.62357402243651
shared,before,6,4,3,152.76780902058817
shared,before,6,4,0,170.46672099968418
shared,before,6,5,1,46.71535600209609
shared,before,6,5,2,74.98918799683452
shared,before,6,5,3,100.00491500250064
shared,before,6,5,0,116.56687100185081
shared,before,6,6,1,72.7574740012642
shared,before,6,6,2,96.85529200942256
shared,before,6,6,3,122.8344080154784
shared,before,6,6,0,139.85913401120342
shared,before,6,7,2,105.4348299803678
shared,before,6,7,3,130.956837994745
shared,before,6,7,0,147.7712199848611
shared,before,6,7,1,178.88991598738357
shared,before,6,8,2,82.42300699930638
shared,before,6,8,3,108.07405898231082
shared,before,6,8,0,125.31634198967367
shared,before,6,8,1,156.4550649782177
shared,before,6,9,2,21.123014972545207
shared,before,6,9,3,47.36903999582864
shared,before,6,9,0,65.1708299992606
shared,before,6,9,1,95.23452597204596
shared,before,6,10,2,59.29841101169586
shared,before,6,10,3,85.16457700170577
shared,before,6,10,0,101.65447101462632
shared,before,6,10,1,133.15004701144062
shared,before,6,11,2,11.01271400693804
shared,before,6,11,3,37.01537300366908
shared,before,6,11,0,54.99132801196538
shared,before,6,11,1,84.17710900539532
shared,before,6,12,3,100.64959802548401
shared,before,6,12,0,117.69077501958236
shared,before,6,12,1,148.83402801933698
shared,before,6,12,2,175.89830502402037
shared,before,6,13,3,58.06173701421358
shared,before,6,13,0,74.48666199343279
shared,before,6,13,1,105.98372801905498
shared,before,6,13,2,131.9813810114283
shared,before,6,14,3,21.957179997116327
shared,before,6,14,0,39.501418999861926
shared,before,6,14,1,71.44730698200874
shared,before,6,14,2,97.41557500092313
shared,before,6,15,3,107.15549401356839
shared,before,6,15,0,124.50113100931048
shared,before,6,15,1,155.90533299837261
shared,before,6,15,2,181.85887800063938
shared,before,6,16,3,93.59814299386926
shared,before,6,16,0,111.00159600027837
shared,before,6,16,1,141.60125600756146
shared,before,6,16,2,168.5610450222157
shared,before,6,17,0,97.14330200222321
shared,before,6,17,1,129.16900098207407
shared,before,6,17,2,154.392509983154
shared,before,6,17,3,179.98574598459527
shared,before,6,18,0,61.26017600763589
shared,before,6,18,1,91.71761901234277
shared,before,6,18,2,118.40799599303864
shared,before,6,18,3,143.019902985543
shared,before,6,19,1,80.93700598692521
shared,before,6,19,2,107.92296199360862
shared,before,6,19,3,133.87841498479247
shared,before,6,19,0,152.05034898826852
private,after,6,0,3,51.179856003727764
private,after,6,0,0,84.82799000921659
private,after,6,0,1,111.30671101273037
private,after,6,0,2,135.07122101145796
private,after,6,1,1,65.12690198724158
private,after,6,1,2,87.97475299797952
private,after,6,1,3,103.17414900055155
private,after,6,1,0,137.73613999364898
private,after,6,2,1,30.411785992328078
private,after,6,2,2,52.5169049797114
private,after,6,2,3,69.22739598667249
private,after,6,2,0,102.27173598832451
private,after,6,3,1,70.62404998578131
private,after,6,3,2,93.44424400478601
private,after,6,3,3,109.55260999617167
private,after,6,3,0,143.85943399975076
private,after,6,4,3,37.08683999138884
private,after,6,4,1,96.65818099165335
private,after,6,4,2,119.89590499433689
private,after,6,4,0,169.96562699205242
private,after,6,5,2,67.34723100089468
private,after,6,5,3,82.64485499239527
private,after,6,5,0,117.11273100809194
private,after,6,5,1,144.50501100509427
private,after,6,6,2,61.1879360221792
private,after,6,6,3,77.94158000615425
private,after,6,6,0,113.27807302586734
private,after,6,6,1,140.21479501388967
private,after,6,7,2,70.73592700180598
private,after,6,7,0,121.04782200185582
private,after,6,7,1,147.60617399588227
private,after,6,7,3,186.3951410050504
private,after,6,8,2,39.13145398837514
private,after,6,8,0,89.0653359820135
private,after,6,8,1,117.00293800095096
private,after,6,8,3,156.86085299239494
private,after,6,9,3,94.17332700104453
private,after,6,9,0,127.64962099026889
private,after,6,9,1,155.05489500355907
private,after,6,9,2,177.77394101722166
private,after,6,10,0,81.78648998728022
private,after,6,10,1,109.84276398085058
private,after,6,10,2,132.28274197899736
private,after,6,10,3,148.626604990568
private,after,6,11,3,85.4607520159334
private,after,6,11,0,119.56742400070652
private,after,6,11,1,147.42289102287032
private,after,6,11,2,169.54791801981628
private,after,6,12,0,96.29411599598825
private,after,6,12,1,124.76815900299698
private,after,6,12,2,147.2559979883954
private,after,6,12,3,163.68569200858474
private,after,6,13,0,67.05779099138454
private,after,6,13,1,93.70727901114151
private,after,6,13,2,117.68481499166228
private,after,6,13,3,133.08031001361087
private,after,6,14,3,97.18979400349781
private,after,6,14,0,128.98595500155352
private,after,6,14,1,157.44974598055705
private,after,6,14,2,179.2684649990406
private,after,6,15,0,32.56225900258869
private,after,6,15,1,58.52927500382066
private,after,6,15,2,81.58383399131708
private,after,6,15,3,98.11861100024544
private,after,6,16,3,66.33103199419565
private,after,6,16,0,98.88017800403759
private,after,6,16,1,126.87833799282089
private,after,6,16,2,148.89649400720373
private,after,6,17,3,71.87794998753816
private,after,6,17,0,106.60075399209745
private,after,6,17,1,133.76969599630684
private,after,6,17,2,155.9704199898988
private,after,6,18,3,60.47470701741986
private,after,6,18,0,92.92985699721612
private,after,6,18,1,119.97768201399595
private,after,6,18,2,142.2670379979536
private,after,6,19,3,50.06471500382759
private,after,6,19,0,83.18391800276004
private,after,6,19,1,111.52426799526438
private,after,6,19,2,133.6842229939066
private,before,6,0,3,53.287234011804685
private,before,6,0,0,76.3424489996396
private,before,6,0,1,105.28766599600203
private,before,6,0,2,129.30048801354133
private,before,6,1,0,35.414633981417865
private,before,6,1,1,63.72750599985011
private,before,6,1,2,88.62146199680865
private,before,6,1,3,112.36612297943793
private,before,6,2,0,27.164590981556103
private,before,6,2,1,55.64054098795168
private,before,6,2,2,79.52765698428266
private,before,6,2,3,104.09283399349079
private,before,6,3,3,41.95265599992126
private,before,6,3,1,91.92659400287084
private,before,6,3,2,117.16345400782302
private,before,6,3,0,164.57362100481987
private,before,6,4,2,23.791868006810546
private,before,6,4,3,48.66138601209968
private,before,6,4,1,99.42687102011405
private,before,6,4,0,171.54502801713534
private,before,6,5,1,43.00324499490671
private,before,6,5,2,68.81826999597251
private,before,6,5,3,92.27158399880864
private,before,6,5,0,116.70956498710439
private,before,6,6,1,66.92648099851795
private,before,6,6,2,90.87648001150228
private,before,6,6,3,116.49981600930914
private,before,6,6,0,139.79857601225376
private,before,6,7,3,25.488093990134075
private,before,6,7,1,75.721669010818
private,before,6,7,0,147.552292997716
private,before,6,7,2,200.61404298758134
private,before,6,8,1,30.071325018070638
private,before,6,8,3,79.68966101179831
private,before,6,8,0,101.58199199941009
private,before,6,8,2,153.72076601488516
private,before,6,9,3,19.59457597695291
private,before,6,9,2,95.96491997945122
private,before,6,9,0,142.62782500009052
private,before,6,9,1,170.58801697567105
private,before,6,10,3,80.91405901359394
private,before,6,10,0,102.54997000447474
private,before,6,10,1,130.64683601260185
private,before,6,10,2,156.1834480089601
private,before,6,11,2,84.35222698608413
private,before,6,11,3,108.60501599381678
private,before,6,11,0,131.8067990068812
private,before,6,11,1,159.63735099649057
private,before,6,12,3,97.37510400009342
private,before,6,12,0,120.1861189911142
private,before,6,12,1,147.80614798655733
private,before,6,12,2,172.59722598828375
private,before,6,13,0,79.17139999335632
private,before,6,13,1,107.93357098009437
private,before,6,13,2,131.9324459764175
private,before,6,13,3,156.6729199839756
private,before,6,14,2,72.89760501589626
private,before,6,14,3,97.8009790123906
private,before,6,14,0,120.92682500951923
private,before,6,14,1,148.95311900181696
private,before,6,15,0,54.19364001136273
private,before,6,15,1,81.82475602370687
private,before,6,15,2,106.58472002251074
private,before,6,15,3,132.02870701206848
private,before,6,16,0,90.6295989989303
private,before,6,16,1,118.91558900242671
private,before,6,16,2,142.90182699915022
private,before,6,16,3,167.18269098782912
private,before,6,17,0,78.94096901873127
private,before,6,17,1,106.55330901499838
private,before,6,17,2,131.19394599925727
private,before,6,17,3,155.265239009168
private,before,6,18,0,67.68691600882448
private,before,6,18,1,94.98132599401288
private,before,6,18,2,119.15829801000655
private,before,6,18,3,145.08585599833168
private,before,6,19,0,55.49713299842551
private,before,6,19,1,82.5730910000857
private,before,6,19,2,108.36498899152502
private,before,6,19,3,131.5075849997811
tee,after,6,0,1,108.43889898387715
tee,after,6,0,2,126.63366200285964
tee,after,6,0,3,150.0500210095197
tee,after,6,0,0,184.20032298308797
tee,after,6,1,1,112.53504198975861
tee,after,6,1,2,130.8261259982828
tee,after,6,1,3,154.98408398707397
tee,after,6,1,0,187.94378600432537
tee,after,6,2,1,28.128814010415226
tee,after,6,2,2,47.18790200422518
tee,after,6,2,3,70.06275400635786
tee,after,6,2,0,103.92635900643654
tee,after,6,3,1,65.26011801906861
tee,after,6,3,2,84.55297502223402
tee,after,6,3,3,107.47694101883098
tee,after,6,3,0,140.13641502242535
tee,after,6,4,1,96.55113000189885
tee,after,6,4,2,115.1782049855683
tee,after,6,4,3,138.1135559931863
tee,after,6,4,0,171.73093400197104
tee,after,6,5,2,59.226051991572604
tee,after,6,5,3,83.50953800254501
tee,after,6,5,0,116.30455299746245
tee,after,6,5,1,141.71396900201216
tee,after,6,6,2,58.14130898215808
tee,after,6,6,3,81.02611498907208
tee,after,6,6,0,115.21647198242135
tee,after,6,6,1,138.7259929906577
tee,after,6,7,2,67.13742201100104
tee,after,6,7,3,90.86157899582759
tee,after,6,7,0,123.34980900050141
tee,after,6,7,1,148.84195601916872
tee,after,6,8,3,96.64804799831472
tee,after,6,8,0,130.54318400099874
tee,after,6,8,1,154.47673099697568
tee,after,6,8,2,172.66523599391803
tee,after,6,9,3,118.37467801524326
tee,after,6,9,0,153.73000499675982
tee,after,6,9,1,176.38390301726758
tee,after,6,9,2,194.74842000636272
tee,after,6,10,3,57.1435290039517
tee,after,6,10,0,91.07299699098803
tee,after,6,10,1,114.52869500499219
tee,after,6,10,2,134.25410201307386
tee,after,6,11,3,108.74043800868094
tee,after,6,11,0,141.6593699832447
tee,after,6,11,1,167.1608749893494
tee,after,6,11,2,186.3403049937915
tee,after,6,12,3,70.45727598597296
tee,after,6,12,0,104.95888799778186
tee,after,6,12,1,128.2092480105348
tee,after,6,12,2,146.79549398715608
tee,after,6,13,0,87.45720601291396
tee,after,6,13,1,112.30151102063246
tee,after,6,13,2,131.00481999572366
tee,after,6,13,3,154.76450201822445
tee,after,6,14,0,29.777236020890996
tee,after,6,14,1,54.820620018290356
tee,after,6,14,2,72.34399800654501
tee,after,6,14,3,95.23124701809138
tee,after,6,15,0,115.51991800661199
tee,after,6,15,1,140.06226600031368
tee,after,6,15,2,158.8210670161061
tee,after,6,15,3,182.34745599329472
tee,after,6,16,0,101.44233898608945
tee,after,6,16,1,125.57609798386693
tee,after,6,16,2,143.57112598372623
tee,after,6,16,3,166.46785297780298
tee,after,6,17,0,89.19849299127236
tee,after,6,17,1,114.89538199384697
tee,after,6,17,2,132.9443519935012
tee,after,6,17,3,157.09915198385715
tee,after,6,18,1,101.51398301240988
tee,after,6,18,2,119.36381499981508
tee,after,6,18,3,142.49615799053572
tee,after,6,18,0,177.16919200029224
tee,after,6,19,1,57.874816993717104
tee,after,6,19,2,76.09699800377712
tee,after,6,19,3,99.63250698638149
tee,after,6,19,0,132.27439697948284
tee,before,6,0,1,99.8953619855456
tee,before,6,0,2,125.85695399320684
tee,before,6,0,3,148.12819098006003
tee,before,6,0,0,181.05928300064988
tee,before,6,1,1,107.88207300356589
tee,before,6,1,2,133.627659000922
tee,before,6,1,3,156.6056860028766
tee,before,6,1,0,190.90613201842643
tee,before,6,2,1,21.088980982312933
tee,before,6,2,2,47.06267299479805
tee,before,6,2,3,69.8462699947413
tee,before,6,2,0,102.11491698282771
tee,before,6,3,1,59.332147997338325
tee,before,6,3,2,85.96071499050595
tee,before,6,3,3,108.91257598996162
tee,before,6,3,0,141.6420849855058
tee,before,6,4,2,115.03914798959158
tee,before,6,4,3,138.2329439802561
tee,before,6,4,0,170.89050999493338
tee,before,6,4,1,189.98852098593488
tee,before,6,5,2,41.934298002161086
tee,before,6,5,3,64.64219800545834
tee,before,6,5,0,97.71288302727044
tee,before,6,5,1,116.63398702512495
tee,before,6,6,2,65.03982000867836
tee,before,6,6,3,90.17970398417674
tee,before,6,6,0,121.36581298545934
tee,before,6,6,1,139.77729799808003
tee,before,6,7,2,70.99514699075371
tee,before,6,7,3,95.33370699500665
tee,before,6,7,0,126.847164996434
tee,before,6,7,1,145.85278800223023
tee,before,6,8,2,82.12015600292943
tee,before,6,8,3,104.59529998479411
tee,before,6,8,0,137.178300996311
tee,before,6,8,1,155.31941899098456
tee,before,6,9,3,44.7246840049047
tee,before,6,9,0,76.8096900137607
tee,before,6,9,1,96.85588901629671
tee,before,6,9,2,121.41498600249179
tee,before,6,10,3,56.768794980598614
tee,before,6,10,0,89.66561398119666
tee,before,6,10,1,107.937206979841
tee,before,6,10,2,133.69447499280795
tee,before,6,11,3,107.55067199352197
tee,before,6,11,0,140.60031698318198
tee,before,6,11,1,159.61565499310382
tee,before,6,11,2,185.07293399306946
tee,before,6,12,3,70.18214199342765
tee,before,6,12,0,102.83643001457676
tee,before,6,12,1,120.83753701881506
tee,before,6,12,2,146.60595101304352
tee,before,6,13,3,55.65573999774642
tee,before,6,13,0,88.19165398017503
tee,before,6,13,1,107.88457698072307
tee,before,6,13,2,132.5481009844225
tee,before,6,14,3,21.775147994048893
tee,before,6,14,0,54.70778900780715
tee,before,6,14,1,72.52853299723938
tee,before,6,14,2,98.81652001058683
tee,before,6,15,0,37.8690889920108
tee,before,6,15,1,56.4313140057493
tee,before,6,15,2,82.08510899567045
tee,before,6,15,3,105.03094899468124
tee,before,6,16,0,100.61437301919796
tee,before,6,16,1,118.11533902073279
tee,before,6,16,2,144.53642201260664
tee,before,6,16,3,168.45888399984688
tee,before,6,17,0,86.38182102004066
tee,before,6,17,1,104.58182901493274
tee,before,6,17,2,130.9274540108163
tee,before,6,17,3,152.81799601507373
tee,before,6,18,0,77.56309100659564
tee,before,6,18,1,95.55746300611645
tee,before,6,18,2,122.17637401772663
tee,before,6,18,3,145.10987701942213
tee,before,6,19,0,65.20993099547923
tee,before,6,19,1,85.07254801224917
tee,before,6,19,2,109.82887700083666
tee,before,6,19,3,132.8601900022477
